id	date	Descrip	Value
1.0	201501.0	cant	20
1.0	201501.0	promedioCompra	75.38025070583484
1.0	201501.0	promedioVenda	189.0
1.0	201501.0	promedioPosVenda	226.58025070583486
1.0	201501.0	totalCompra	3708.5047525993846
1.0	201501.0	totalVenda	3969.0
1.0	201501.0	totalPosVenda	5891.086518351706
1.0	201502.0	cant	24
1.0	201502.0	promedioCompra	100.71051080166706
1.0	201502.0	promedioVenda	226.79999999999998
1.0	201502.0	promedioPosVenda	282.15051080166705
1.0	201502.0	totalCompra	4450.205703119262
1.0	201502.0	totalVenda	4762.8
1.0	201502.0	totalPosVenda	7069.303822022048
1.0	201503.0	cant	34
1.0	201503.0	promedioCompra	142.6347981768994
1.0	201503.0	promedioVenda	264.59999999999997
1.0	201503.0	promedioPosVenda	375.48279817689945
1.0	201503.0	totalCompra	6853.316782803661
1.0	201503.0	totalVenda	7334.711999999999
1.0	201503.0	totalPosVenda	10886.727885913953
1.0	201504.0	cant	30
1.0	201504.0	promedioCompra	52.73926782246074
1.0	201504.0	promedioVenda	187.11
1.0	201504.0	promedioPosVenda	217.39606782246076
1.0	201504.0	totalCompra	6167.985104523296
1.0	201504.0	totalVenda	6601.2408
1.0	201504.0	totalPosVenda	9798.055097322558
1.0	201505.0	cant	27
1.0	201505.0	promedioCompra	58.662104484043795
1.0	201505.0	promedioVenda	187.11
1.0	201505.0	promedioPosVenda	238.2877044840438
1.0	201505.0	totalCompra	6055.83992080469
1.0	201505.0	totalVenda	6481.218239999999
1.0	201505.0	totalPosVenda	9619.908641007602
1.0	201506.0	cant	33
1.0	201506.0	promedioCompra	135.54224178431343
1.0	201506.0	promedioVenda	272.15999999999997
1.0	201506.0	promedioPosVenda	396.81584178431336
1.0	201506.0	totalCompra	7267.007904965628
1.0	201506.0	totalVenda	7777.461887999999
1.0	201506.0	totalPosVenda	11543.89036920912
1.0	201507.0	cant	46
1.0	201507.0	promedioCompra	166.82633083751173
1.0	201507.0	promedioVenda	317.5199999999999
1.0	201507.0	promedioPosVenda	471.6455308375116
1.0	201507.0	totalCompra	10173.811066951881
1.0	201507.0	totalVenda	10888.446643199999
1.0	201507.0	totalPosVenda	16161.446516892769
1.0	201508.0	cant	73
1.0	201508.0	promedioCompra	153.9678420276973
1.0	201508.0	promedioVenda	362.88000000000005
1.0	201508.0	promedioPosVenda	502.3326420276973
1.0	201508.0	totalCompra	16278.097707123005
1.0	201508.0	totalVenda	17421.514629119996
1.0	201508.0	totalPosVenda	25858.31442702843
1.0	201509.0	cant	66
1.0	201509.0	promedioCompra	93.43103204877174
1.0	201509.0	promedioVenda	204.11999999999998
1.0	201509.0	promedioPosVenda	289.3862320487717
1.0	201509.0	totalCompra	14650.287936410705
1.0	201509.0	totalVenda	15679.363166207997
1.0	201509.0	totalPosVenda	23272.482984325587
1.0	201510.0	cant	53
1.0	201510.0	promedioCompra	86.38755558682814
1.0	201510.0	promedioVenda	181.44000000000003
1.0	201510.0	promedioPosVenda	275.08515558682814
1.0	201510.0	totalCompra	12696.916211555948
1.0	201510.0	totalVenda	13588.7814107136
1.0	201510.0	totalPosVenda	20169.485253082177
1.0	201511.0	cant	37
1.0	201511.0	promedioCompra	66.72692866385516
1.0	201511.0	promedioVenda	171.98999999999998
1.0	201511.0	promedioPosVenda	245.59652866385514
1.0	201511.0	totalCompra	8887.841348089161
1.0	201511.0	totalVenda	9512.146987499518
1.0	201511.0	totalPosVenda	14118.639677157522
1.0	201512.0	cant	44
1.0	201512.0	promedioCompra	137.8270681380416
1.0	201512.0	promedioVenda	294.84
1.0	201512.0	promedioPosVenda	444.4606681380415
1.0	201512.0	totalCompra	10665.409617706993
1.0	201512.0	totalVenda	11414.576384999424
1.0	201512.0	totalPosVenda	16942.367612589027
1.0	201601.0	cant	53
1.0	201601.0	promedioCompra	90.47785188375188
1.0	201601.0	promedioVenda	294.84
1.0	201601.0	promedioPosVenda	397.1114518837519
1.0	201601.0	totalCompra	12798.491541248392
1.0	201601.0	totalVenda	13697.491661999307
1.0	201601.0	totalPosVenda	20330.84113510683
1.0	201602.0	cant	48
1.0	201602.0	promedioCompra	114.32550687568263
1.0	201602.0	promedioVenda	221.13
1.0	201602.0	promedioPosVenda	361.99110687568265
1.0	201602.0	totalCompra	12404.69180151767
1.0	201602.0	totalVenda	13276.030380091632
1.0	201602.0	totalPosVenda	19705.27679248816
1.0	201603.0	cant	38
1.0	201603.0	promedioCompra	124.34540303762286
1.0	201603.0	promedioVenda	211.68
1.0	201603.0	promedioPosVenda	361.42700303762285
1.0	201603.0	totalCompra	9923.753441214138
1.0	201603.0	totalVenda	10620.824304073307
1.0	201603.0	totalPosVenda	15764.221433990526
1.0	201604.0	cant	34
1.0	201604.0	promedioCompra	106.66093114200744
1.0	201604.0	promedioVenda	238.14
1.0	201604.0	promedioPosVenda	373.3777311420074
1.0	201604.0	totalCompra	8931.378097092724
1.0	201604.0	totalVenda	9558.741873665977
1.0	201604.0	totalPosVenda	14187.799290591474
1.0	201605.0	cant	41
1.0	201605.0	promedioCompra	101.2343855801667
1.0	201605.0	promedioVenda	317.52
1.0	201605.0	promedioPosVenda	431.4551855801667
1.0	201605.0	totalCompra	9952.10702247475
1.0	201605.0	totalVenda	10651.169516370659
1.0	201605.0	totalPosVenda	15809.262066659072
1.0	201606.0	cant	41
1.0	201606.0	promedioCompra	99.00666047368519
1.0	201606.0	promedioVenda	245.70000000000002
1.0	201606.0	promedioPosVenda	354.5346604736852
1.0	201606.0	totalCompra	9952.10702247475
1.0	201606.0	totalVenda	10651.169516370659
1.0	201606.0	totalPosVenda	15809.262066659072
1.0	201607.0	cant	50
1.0	201607.0	promedioCompra	104.46774834591136
1.0	201607.0	promedioVenda	294.84
1.0	201607.0	promedioPosVenda	411.10134834591133
1.0	201607.0	totalCompra	11942.528426969699
1.0	201607.0	totalVenda	12781.40341964479
1.0	201607.0	totalPosVenda	18971.114479990887
1.0	201608.0	cant	54
1.0	201608.0	promedioCompra	173.82478883755545
1.0	201608.0	promedioVenda	270.27000000000004
1.0	201608.0	promedioPosVenda	454.9055888375555
1.0	201608.0	totalCompra	13136.78126966667
1.0	201608.0	totalVenda	14059.543761609271
1.0	201608.0	totalPosVenda	20868.225927989974
1.0	201609.0	cant	54
1.0	201609.0	promedioCompra	98.33851527619652
1.0	201609.0	promedioVenda	245.70000000000002
1.0	201609.0	promedioPosVenda	373.52251527619654
1.0	201609.0	totalCompra	14147.302905794873
1.0	201609.0	totalVenda	15141.047127886906
1.0	201609.0	totalPosVenda	22473.474076296894
1.0	201610.0	cant	49
1.0	201610.0	promedioCompra	146.30418199324063
1.0	201610.0	promedioVenda	238.14
1.0	201610.0	promedioPosVenda	413.0209819932405
1.0	201610.0	totalCompra	12732.572615215386
1.0	201610.0	totalVenda	13626.942415098218
1.0	201610.0	totalPosVenda	20226.126668667206
1.0	201611.0	cant	59
1.0	201611.0	promedioCompra	176.11549431211083
1.0	201611.0	promedioVenda	317.52
1.0	201611.0	promedioPosVenda	531.7378943121107
1.0	201611.0	totalCompra	15279.087138258463
1.0	201611.0	totalVenda	16352.33089811786
1.0	201611.0	totalPosVenda	24271.352002400643
1.0	201612.0	cant	94
1.0	201612.0	promedioCompra	218.0024663051887
1.0	201612.0	promedioVenda	423.36
1.0	201612.0	promedioPosVenda	692.1656663051887
1.0	201612.0	totalCompra	24446.539421213547
1.0	201612.0	totalVenda	26163.729436988575
1.0	201612.0	totalPosVenda	38834.16320384104
2.0	201501.0	cant	6
2.0	201501.0	promedioCompra	70.62178929871774
2.0	201501.0	promedioVenda	189.0
2.0	201501.0	promedioPosVenda	221.82178929871773
2.0	201501.0	totalCompra	1112.5514257798154
2.0	201501.0	totalVenda	1190.7
2.0	201501.0	totalPosVenda	1767.325955505512
2.0	201502.0	cant	9
2.0	201502.0	promedioCompra	95.88228562602569
2.0	201502.0	promedioVenda	226.79999999999998
2.0	201502.0	promedioPosVenda	277.3222856260257
2.0	201502.0	totalCompra	1668.8271386697231
2.0	201502.0	totalVenda	1786.05
2.0	201502.0	totalPosVenda	2650.988933258268
2.0	201503.0	cant	2
2.0	201503.0	promedioCompra	140.80771685102673
2.0	201503.0	promedioVenda	264.59999999999997
2.0	201503.0	promedioPosVenda	373.6557168510267
2.0	201503.0	totalCompra	407.93552278593233
2.0	201503.0	totalVenda	436.59000000000003
2.0	201503.0	totalPosVenda	648.0195170186877
2.0	201504.0	cant	2
2.0	201504.0	promedioCompra	76.52806984755244
2.0	201504.0	promedioVenda	187.11
2.0	201504.0	promedioPosVenda	241.18486984755245
2.0	201504.0	totalCompra	407.93552278593233
2.0	201504.0	totalVenda	436.59000000000003
2.0	201504.0	totalPosVenda	648.0195170186877
2.0	201505.0	cant	3
2.0	201505.0	promedioCompra	85.00800138197461
2.0	201505.0	promedioVenda	187.11
2.0	201505.0	promedioPosVenda	264.63360138197464
2.0	201505.0	totalCompra	667.5308554678892
2.0	201505.0	totalVenda	714.42
2.0	201505.0	totalPosVenda	1060.3955733033072
2.0	201506.0	cant	3
2.0	201506.0	promedioCompra	152.86017214498082
2.0	201506.0	promedioVenda	272.15999999999997
2.0	201506.0	promedioPosVenda	414.1337721449808
2.0	201506.0	totalCompra	667.5308554678892
2.0	201506.0	totalVenda	714.42
2.0	201506.0	totalPosVenda	1060.3955733033072
2.0	201507.0	cant	3
2.0	201507.0	promedioCompra	98.58835102028786
2.0	201507.0	promedioVenda	317.5199999999999
2.0	201507.0	promedioPosVenda	403.40755102028777
2.0	201507.0	totalCompra	667.5308554678892
2.0	201507.0	totalVenda	714.42
2.0	201507.0	totalPosVenda	1060.3955733033072
2.0	201508.0	cant	3
2.0	201508.0	promedioCompra	184.56243514507412
2.0	201508.0	promedioVenda	362.88000000000005
2.0	201508.0	promedioPosVenda	532.9272351450742
2.0	201508.0	totalCompra	667.5308554678892
2.0	201508.0	totalVenda	714.42
2.0	201508.0	totalPosVenda	1060.3955733033072
2.0	201509.0	cant	5
2.0	201509.0	promedioCompra	111.52196887152468
2.0	201509.0	promedioVenda	204.11999999999998
2.0	201509.0	promedioPosVenda	307.47716887152467
2.0	201509.0	totalCompra	1112.5514257798154
2.0	201509.0	totalVenda	1190.7
2.0	201509.0	totalPosVenda	1767.3259555055117
2.0	201510.0	cant	7
2.0	201510.0	promedioCompra	56.46135591218441
2.0	201510.0	promedioVenda	181.44000000000003
2.0	201510.0	promedioPosVenda	245.15895591218447
2.0	201510.0	totalCompra	1687.36966243272
2.0	201510.0	totalVenda	1805.8950000000002
2.0	201510.0	totalPosVenda	2680.4443658500263
2.0	201511.0	cant	7
2.0	201511.0	promedioCompra	59.79817702234709
2.0	201511.0	promedioVenda	171.98999999999998
2.0	201511.0	promedioPosVenda	238.66777702234708
2.0	201511.0	totalCompra	1687.36966243272
2.0	201511.0	totalVenda	1805.8950000000002
2.0	201511.0	totalPosVenda	2680.4443658500263
2.0	201512.0	cant	5
2.0	201512.0	promedioCompra	159.19659897442645
2.0	201512.0	promedioVenda	294.84
2.0	201512.0	promedioPosVenda	465.8301989744264
2.0	201512.0	totalCompra	1205.2640445948
2.0	201512.0	totalVenda	1289.925
2.0	201512.0	totalPosVenda	1914.6031184643045
2.0	201601.0	cant	4
2.0	201601.0	promedioCompra	85.65811553400063
2.0	201601.0	promedioVenda	294.84
2.0	201601.0	promedioPosVenda	392.2917155340006
2.0	201601.0	totalCompra	964.2112356758399
2.0	201601.0	totalVenda	1031.94
2.0	201601.0	totalPosVenda	1531.6824947714435
2.0	201602.0	cant	4
2.0	201602.0	promedioCompra	69.9465209789921
2.0	201602.0	promedioVenda	221.13
2.0	201602.0	promedioPosVenda	317.61212097899204
2.0	201602.0	totalCompra	1038.3813307278276
2.0	201602.0	totalVenda	1111.32
2.0	201602.0	totalPosVenda	1649.5042251384775
2.0	201603.0	cant	5
2.0	201603.0	promedioCompra	97.98352344001067
2.0	201603.0	promedioVenda	211.68
2.0	201603.0	promedioPosVenda	335.06512344001067
2.0	201603.0	totalCompra	1297.9766634097846
2.0	201603.0	totalVenda	1389.1499999999999
2.0	201603.0	totalPosVenda	2061.880281423097
2.0	201604.0	cant	5
2.0	201604.0	promedioCompra	84.99099096125933
2.0	201604.0	promedioVenda	238.14
2.0	201604.0	promedioPosVenda	351.7077909612593
2.0	201604.0	totalCompra	1297.9766634097846
2.0	201604.0	totalVenda	1389.1499999999999
2.0	201604.0	totalPosVenda	2061.880281423097
2.0	201605.0	cant	4
2.0	201605.0	promedioCompra	198.9178259382757
2.0	201605.0	promedioVenda	317.52
2.0	201605.0	promedioPosVenda	529.1386259382757
2.0	201605.0	totalCompra	964.2112356758399
2.0	201605.0	totalVenda	1031.94
2.0	201605.0	totalPosVenda	1531.6824947714435
2.0	201606.0	cant	3
2.0	201606.0	promedioCompra	70.60875738159815
2.0	201606.0	promedioVenda	245.70000000000002
2.0	201606.0	promedioPosVenda	326.13675738159816
2.0	201606.0	totalCompra	723.1584267568801
2.0	201606.0	totalVenda	773.955
2.0	201606.0	totalPosVenda	1148.7618710785828
2.0	201607.0	cant	4
2.0	201607.0	promedioCompra	80.29038231345717
2.0	201607.0	promedioVenda	294.84
2.0	201607.0	promedioPosVenda	386.92398231345715
2.0	201607.0	totalCompra	964.2112356758399
2.0	201607.0	totalVenda	1031.94
2.0	201607.0	totalPosVenda	1531.6824947714435
2.0	201608.0	cant	4
2.0	201608.0	promedioCompra	87.57644237443942
2.0	201608.0	promedioVenda	270.27000000000004
2.0	201608.0	promedioPosVenda	368.65724237443953
2.0	201608.0	totalCompra	964.2112356758399
2.0	201608.0	totalVenda	1031.94
2.0	201608.0	totalPosVenda	1531.6824947714435
2.0	201609.0	cant	5
2.0	201609.0	promedioCompra	135.44169854928316
2.0	201609.0	promedioVenda	245.70000000000002
2.0	201609.0	promedioPosVenda	410.62569854928324
2.0	201609.0	totalCompra	1297.9766634097846
2.0	201609.0	totalVenda	1389.1499999999999
2.0	201609.0	totalPosVenda	2061.880281423097
2.0	201610.0	cant	5
2.0	201610.0	promedioCompra	110.27220397277299
2.0	201610.0	promedioVenda	238.14
2.0	201610.0	promedioPosVenda	376.9890039727729
2.0	201610.0	totalCompra	1297.9766634097846
2.0	201610.0	totalVenda	1389.1499999999999
2.0	201610.0	totalPosVenda	2061.880281423097
2.0	201611.0	cant	5
2.0	201611.0	promedioCompra	207.4213698181949
2.0	201611.0	promedioVenda	317.52
2.0	201611.0	promedioPosVenda	563.0437698181947
2.0	201611.0	totalCompra	1297.9766634097846
2.0	201611.0	totalVenda	1389.1499999999999
2.0	201611.0	totalPosVenda	2061.880281423097
2.0	201612.0	cant	5
2.0	201612.0	promedioCompra	263.8378496103832
2.0	201612.0	promedioVenda	423.36
2.0	201612.0	promedioPosVenda	738.0010496103832
2.0	201612.0	totalCompra	1297.9766634097846
2.0	201612.0	totalVenda	1389.1499999999999
2.0	201612.0	totalPosVenda	2061.880281423097
3.0	201501.0	cant	6
3.0	201501.0	promedioCompra	42.64611014655738
3.0	201501.0	promedioVenda	189.0
3.0	201501.0	promedioPosVenda	193.84611014655738
3.0	201501.0	totalCompra	1112.5514257798154
3.0	201501.0	totalVenda	1190.7
3.0	201501.0	totalPosVenda	1767.325955505512
3.0	201502.0	cant	2
3.0	201502.0	promedioCompra	89.99711635745086
3.0	201502.0	promedioVenda	226.79999999999998
3.0	201502.0	promedioPosVenda	271.43711635745086
3.0	201502.0	totalCompra	370.85047525993843
3.0	201502.0	totalVenda	396.9
3.0	201502.0	totalPosVenda	589.1086518351706
3.0	201503.0	cant	3
3.0	201503.0	promedioCompra	82.29158103083998
3.0	201503.0	promedioVenda	264.59999999999997
3.0	201503.0	promedioPosVenda	315.13958103084
3.0	201503.0	totalCompra	611.9032841788985
3.0	201503.0	totalVenda	654.8850000000001
3.0	201503.0	totalPosVenda	972.0292755280317
3.0	201504.0	cant	3
3.0	201504.0	promedioCompra	68.92976034972617
3.0	201504.0	promedioVenda	187.11
3.0	201504.0	promedioPosVenda	233.5865603497262
3.0	201504.0	totalCompra	611.9032841788985
3.0	201504.0	totalVenda	654.8850000000001
3.0	201504.0	totalPosVenda	972.0292755280317
3.0	201505.0	cant	3
3.0	201505.0	promedioCompra	48.31108690797437
3.0	201505.0	promedioVenda	187.11
3.0	201505.0	promedioPosVenda	227.9366869079744
3.0	201505.0	totalCompra	667.5308554678892
3.0	201505.0	totalVenda	714.42
3.0	201505.0	totalPosVenda	1060.3955733033072
3.0	201506.0	cant	3
3.0	201506.0	promedioCompra	116.53508405253517
3.0	201506.0	promedioVenda	272.15999999999997
3.0	201506.0	promedioPosVenda	377.8086840525351
3.0	201506.0	totalCompra	667.5308554678892
3.0	201506.0	totalVenda	714.42
3.0	201506.0	totalPosVenda	1060.3955733033072
3.0	201507.0	cant	5
3.0	201507.0	promedioCompra	96.37243154708094
3.0	201507.0	promedioVenda	317.5199999999999
3.0	201507.0	promedioPosVenda	401.1916315470809
3.0	201507.0	totalCompra	1112.5514257798154
3.0	201507.0	totalVenda	1190.7
3.0	201507.0	totalPosVenda	1767.3259555055117
3.0	201508.0	cant	7
3.0	201508.0	promedioCompra	164.3391301295193
3.0	201508.0	promedioVenda	362.88000000000005
3.0	201508.0	promedioPosVenda	512.7039301295193
3.0	201508.0	totalCompra	1557.5719960917415
3.0	201508.0	totalVenda	1666.98
3.0	201508.0	totalPosVenda	2474.2563377077163
3.0	201509.0	cant	7
3.0	201509.0	promedioCompra	79.41198861447681
3.0	201509.0	promedioVenda	204.11999999999998
3.0	201509.0	promedioPosVenda	275.3671886144768
3.0	201509.0	totalCompra	1557.5719960917415
3.0	201509.0	totalVenda	1666.98
3.0	201509.0	totalPosVenda	2474.2563377077163
3.0	201510.0	cant	5
3.0	201510.0	promedioCompra	59.80871893827139
3.0	201510.0	promedioVenda	181.44000000000003
3.0	201510.0	promedioPosVenda	248.5063189382714
3.0	201510.0	totalCompra	1205.2640445948
3.0	201510.0	totalVenda	1289.925
3.0	201510.0	totalPosVenda	1914.6031184643045
3.0	201511.0	cant	4
3.0	201511.0	promedioCompra	95.51753026651592
3.0	201511.0	promedioVenda	171.98999999999998
3.0	201511.0	promedioPosVenda	274.38713026651595
3.0	201511.0	totalCompra	964.2112356758399
3.0	201511.0	totalVenda	1031.94
3.0	201511.0	totalPosVenda	1531.6824947714435
3.0	201512.0	cant	4
3.0	201512.0	promedioCompra	115.9456640585705
3.0	201512.0	promedioVenda	294.84
3.0	201512.0	promedioPosVenda	422.57926405857046
3.0	201512.0	totalCompra	964.2112356758399
3.0	201512.0	totalVenda	1031.94
3.0	201512.0	totalPosVenda	1531.6824947714435
3.0	201601.0	cant	5
3.0	201601.0	promedioCompra	159.6699454041806
3.0	201601.0	promedioVenda	294.84
3.0	201601.0	promedioPosVenda	466.30354540418057
3.0	201601.0	totalCompra	1205.2640445948
3.0	201601.0	totalVenda	1289.925
3.0	201601.0	totalPosVenda	1914.6031184643045
3.0	201602.0	cant	5
3.0	201602.0	promedioCompra	152.8413064207158
3.0	201602.0	promedioVenda	221.13
3.0	201602.0	promedioPosVenda	400.5069064207157
3.0	201602.0	totalCompra	1297.9766634097846
3.0	201602.0	totalVenda	1389.1499999999999
3.0	201602.0	totalPosVenda	2061.880281423097
3.0	201603.0	cant	4
3.0	201603.0	promedioCompra	126.83463733838808
3.0	201603.0	promedioVenda	211.68
3.0	201603.0	promedioPosVenda	363.91623733838804
3.0	201603.0	totalCompra	1038.3813307278276
3.0	201603.0	totalVenda	1111.32
3.0	201603.0	totalPosVenda	1649.5042251384775
3.0	201604.0	cant	3
3.0	201604.0	promedioCompra	141.6784592424394
3.0	201604.0	promedioVenda	238.14
3.0	201604.0	promedioPosVenda	408.39525924243935
3.0	201604.0	totalCompra	778.7859980458708
3.0	201604.0	totalVenda	833.49
3.0	201604.0	totalPosVenda	1237.1281688538584
3.0	201605.0	cant	4
3.0	201605.0	promedioCompra	165.78736851836683
3.0	201605.0	promedioVenda	317.52
3.0	201605.0	promedioPosVenda	496.0081685183668
3.0	201605.0	totalCompra	964.2112356758399
3.0	201605.0	totalVenda	1031.94
3.0	201605.0	totalPosVenda	1531.6824947714435
3.0	201606.0	cant	4
3.0	201606.0	promedioCompra	84.6177674741956
3.0	201606.0	promedioVenda	245.70000000000002
3.0	201606.0	promedioPosVenda	340.1457674741956
3.0	201606.0	totalCompra	964.2112356758399
3.0	201606.0	totalVenda	1031.94
3.0	201606.0	totalPosVenda	1531.6824947714435
3.0	201607.0	cant	5
3.0	201607.0	promedioCompra	125.7472087281551
3.0	201607.0	promedioVenda	294.84
3.0	201607.0	promedioPosVenda	432.38080872815505
3.0	201607.0	totalCompra	1205.2640445948
3.0	201607.0	totalVenda	1289.925
3.0	201607.0	totalPosVenda	1914.6031184643045
3.0	201608.0	cant	5
3.0	201608.0	promedioCompra	80.15060429890488
3.0	201608.0	promedioVenda	270.27000000000004
3.0	201608.0	promedioPosVenda	361.23140429890486
3.0	201608.0	totalCompra	1205.2640445948
3.0	201608.0	totalVenda	1289.925
3.0	201608.0	totalPosVenda	1914.6031184643045
3.0	201609.0	cant	5
3.0	201609.0	promedioCompra	84.73405422353378
3.0	201609.0	promedioVenda	245.70000000000002
3.0	201609.0	promedioPosVenda	359.9180542235338
3.0	201609.0	totalCompra	1297.9766634097846
3.0	201609.0	totalVenda	1389.1499999999999
3.0	201609.0	totalPosVenda	2061.880281423097
3.0	201610.0	cant	5
3.0	201610.0	promedioCompra	80.73707132590457
3.0	201610.0	promedioVenda	238.14
3.0	201610.0	promedioPosVenda	347.4538713259046
3.0	201610.0	totalCompra	1297.9766634097846
3.0	201610.0	totalVenda	1389.1499999999999
3.0	201610.0	totalPosVenda	2061.880281423097
3.0	201611.0	cant	6
3.0	201611.0	promedioCompra	127.01859209714404
3.0	201611.0	promedioVenda	317.52
3.0	201611.0	promedioPosVenda	482.64099209714396
3.0	201611.0	totalCompra	1557.5719960917415
3.0	201611.0	totalVenda	1666.98
3.0	201611.0	totalPosVenda	2474.2563377077167
3.0	201612.0	cant	10
3.0	201612.0	promedioCompra	244.92480547826858
3.0	201612.0	promedioVenda	423.36
3.0	201612.0	promedioPosVenda	719.0880054782685
3.0	201612.0	totalCompra	2492.1151937467866
3.0	201612.0	totalVenda	2667.168
3.0	201612.0	totalPosVenda	3958.810140332347
4.0	201501.0	cant	3
4.0	201501.0	promedioCompra	55.13770544155838
4.0	201501.0	promedioVenda	189.0
4.0	201501.0	promedioPosVenda	206.33770544155837
4.0	201501.0	totalCompra	556.2757128899077
4.0	201501.0	totalVenda	595.35
4.0	201501.0	totalPosVenda	883.662977752756
4.0	201502.0	cant	7
4.0	201502.0	promedioCompra	61.40389473695254
4.0	201502.0	promedioVenda	226.79999999999998
4.0	201502.0	promedioPosVenda	242.84389473695254
4.0	201502.0	totalCompra	1297.9766634097846
4.0	201502.0	totalVenda	1389.15
4.0	201502.0	totalPosVenda	2061.880281423097
4.0	201503.0	cant	8
4.0	201503.0	promedioCompra	61.99285583912754
4.0	201503.0	promedioVenda	264.59999999999997
4.0	201503.0	promedioPosVenda	294.8408558391275
4.0	201503.0	totalCompra	1631.7420911437293
4.0	201503.0	totalVenda	1746.3600000000001
4.0	201503.0	totalPosVenda	2592.0780680747507
4.0	201504.0	cant	11
4.0	201504.0	promedioCompra	64.55192484420867
4.0	201504.0	promedioVenda	187.11
4.0	201504.0	promedioPosVenda	229.20872484420866
4.0	201504.0	totalCompra	2243.645375322628
4.0	201504.0	totalVenda	2401.245
4.0	201504.0	totalPosVenda	3564.1073436027823
4.0	201505.0	cant	10
4.0	201505.0	promedioCompra	111.75586420923383
4.0	201505.0	promedioVenda	187.11
4.0	201505.0	promedioPosVenda	291.38146420923385
4.0	201505.0	totalCompra	2225.102851559631
4.0	201505.0	totalVenda	2381.4
4.0	201505.0	totalPosVenda	3534.6519110110235
4.0	201506.0	cant	9
4.0	201506.0	promedioCompra	124.2035421053852
4.0	201506.0	promedioVenda	272.15999999999997
4.0	201506.0	promedioPosVenda	385.47714210538516
4.0	201506.0	totalCompra	2002.5925664036677
4.0	201506.0	totalVenda	2143.2599999999998
4.0	201506.0	totalPosVenda	3181.1867199099215
4.0	201507.0	cant	11
4.0	201507.0	promedioCompra	176.8984170400168
4.0	201507.0	promedioVenda	317.5199999999999
4.0	201507.0	promedioPosVenda	481.7176170400167
4.0	201507.0	totalCompra	2447.613136715594
4.0	201507.0	totalVenda	2619.5399999999995
4.0	201507.0	totalPosVenda	3888.117102112126
4.0	201508.0	cant	15
4.0	201508.0	promedioCompra	200.27101963309408
4.0	201508.0	promedioVenda	362.88000000000005
4.0	201508.0	promedioPosVenda	548.6358196330941
4.0	201508.0	totalCompra	3337.654277339446
4.0	201508.0	totalVenda	3572.1
4.0	201508.0	totalPosVenda	5301.977866516536
4.0	201509.0	cant	24
4.0	201509.0	promedioCompra	74.61789148498372
4.0	201509.0	promedioVenda	204.11999999999998
4.0	201509.0	promedioPosVenda	270.5730914849837
4.0	201509.0	totalCompra	5340.2468437431135
4.0	201509.0	totalVenda	5715.36
4.0	201509.0	totalPosVenda	8483.164586426457
4.0	201510.0	cant	22
4.0	201510.0	promedioCompra	99.23752332894114
4.0	201510.0	promedioVenda	181.44000000000003
4.0	201510.0	promedioPosVenda	287.93512332894113
4.0	201510.0	totalCompra	5303.16179621712
4.0	201510.0	totalVenda	5675.67
4.0	201510.0	totalPosVenda	8424.25372124294
4.0	201511.0	cant	18
4.0	201511.0	promedioCompra	47.49153141589369
4.0	201511.0	promedioVenda	171.98999999999998
4.0	201511.0	promedioPosVenda	226.36113141589365
4.0	201511.0	totalCompra	4338.9505605412805
4.0	201511.0	totalVenda	4643.7300000000005
4.0	201511.0	totalPosVenda	6892.571226471497
4.0	201512.0	cant	12
4.0	201512.0	promedioCompra	94.63570716024492
4.0	201512.0	promedioVenda	294.84
4.0	201512.0	promedioPosVenda	401.26930716024486
4.0	201512.0	totalCompra	2892.6337070275204
4.0	201512.0	totalVenda	3095.82
4.0	201512.0	totalPosVenda	4595.047484314331
4.0	201601.0	cant	15
4.0	201601.0	promedioCompra	188.6618948739972
4.0	201601.0	promedioVenda	294.84
4.0	201601.0	promedioPosVenda	495.2954948739972
4.0	201601.0	totalCompra	3615.7921337844
4.0	201601.0	totalVenda	3869.775
4.0	201601.0	totalPosVenda	5743.809355392914
4.0	201602.0	cant	18
4.0	201602.0	promedioCompra	126.32936158070402
4.0	201602.0	promedioVenda	221.13
4.0	201602.0	promedioPosVenda	373.994961580704
4.0	201602.0	totalCompra	4672.715988275225
4.0	201602.0	totalVenda	5000.94
4.0	201602.0	totalPosVenda	7422.769013123149
4.0	201603.0	cant	16
4.0	201603.0	promedioCompra	136.56198971039163
4.0	201603.0	promedioVenda	211.68
4.0	201603.0	promedioPosVenda	373.6435897103916
4.0	201603.0	totalCompra	4153.5253229113105
4.0	201603.0	totalVenda	4445.28
4.0	201603.0	totalPosVenda	6598.01690055391
4.0	201604.0	cant	13
4.0	201604.0	promedioCompra	153.33869932095095
4.0	201604.0	promedioVenda	238.14
4.0	201604.0	promedioPosVenda	420.05549932095096
4.0	201604.0	totalCompra	3374.73932486544
4.0	201604.0	totalVenda	3611.7899999999995
4.0	201604.0	totalPosVenda	5360.888731700053
4.0	201605.0	cant	11
4.0	201605.0	promedioCompra	94.37899928496164
4.0	201605.0	promedioVenda	317.52
4.0	201605.0	promedioPosVenda	424.59979928496165
4.0	201605.0	totalCompra	2651.58089810856
4.0	201605.0	totalVenda	2837.835
4.0	201605.0	totalPosVenda	4212.12686062147
4.0	201606.0	cant	14
4.0	201606.0	promedioCompra	91.24131159330368
4.0	201606.0	promedioVenda	245.70000000000002
4.0	201606.0	promedioPosVenda	346.76931159330366
4.0	201606.0	totalCompra	3374.73932486544
4.0	201606.0	totalVenda	3611.7900000000004
4.0	201606.0	totalPosVenda	5360.888731700053
4.0	201607.0	cant	14
4.0	201607.0	promedioCompra	102.02218787649088
4.0	201607.0	promedioVenda	294.84
4.0	201607.0	promedioPosVenda	408.65578787649093
4.0	201607.0	totalCompra	3374.73932486544
4.0	201607.0	totalVenda	3611.7900000000004
4.0	201607.0	totalPosVenda	5360.888731700053
4.0	201608.0	cant	17
4.0	201608.0	promedioCompra	90.71362116020255
4.0	201608.0	promedioVenda	270.27000000000004
4.0	201608.0	promedioPosVenda	371.79442116020266
4.0	201608.0	totalCompra	4097.89775162232
4.0	201608.0	totalVenda	4385.745
4.0	201608.0	totalPosVenda	6509.650602778635
4.0	201609.0	cant	18
4.0	201609.0	promedioCompra	87.76200955393318
4.0	201609.0	promedioVenda	245.70000000000002
4.0	201609.0	promedioPosVenda	362.94600955393315
4.0	201609.0	totalCompra	4672.715988275225
4.0	201609.0	totalVenda	5000.94
4.0	201609.0	totalPosVenda	7422.769013123149
4.0	201610.0	cant	18
4.0	201610.0	promedioCompra	155.47852504511732
4.0	201610.0	promedioVenda	238.14
4.0	201610.0	promedioPosVenda	422.19532504511733
4.0	201610.0	totalCompra	4672.715988275225
4.0	201610.0	totalVenda	5000.94
4.0	201610.0	totalPosVenda	7422.769013123149
4.0	201611.0	cant	16
4.0	201611.0	promedioCompra	108.3405612995832
4.0	201611.0	promedioVenda	317.52
4.0	201611.0	promedioPosVenda	463.9629612995832
4.0	201611.0	totalCompra	4153.5253229113105
4.0	201611.0	totalVenda	4445.28
4.0	201611.0	totalPosVenda	6598.01690055391
5.0	201501.0	cant	10
5.0	201501.0	promedioCompra	71.6991855009769
5.0	201501.0	promedioVenda	189.0
5.0	201501.0	promedioPosVenda	222.8991855009769
5.0	201501.0	totalCompra	1854.2523762996923
5.0	201501.0	totalVenda	1984.5
5.0	201501.0	totalPosVenda	2945.543259175853
5.0	201502.0	cant	2
5.0	201502.0	promedioCompra	107.38269231360619
5.0	201502.0	promedioVenda	226.79999999999998
5.0	201502.0	promedioPosVenda	288.8226923136062
5.0	201502.0	totalCompra	370.85047525993843
5.0	201502.0	totalVenda	396.9
5.0	201502.0	totalPosVenda	589.1086518351706
5.0	201503.0	cant	4
5.0	201503.0	promedioCompra	72.94061443002909
5.0	201503.0	promedioVenda	264.59999999999997
5.0	201503.0	promedioPosVenda	305.7886144300291
5.0	201503.0	totalCompra	815.8710455718647
5.0	201503.0	totalVenda	873.1800000000001
5.0	201503.0	totalPosVenda	1296.0390340373754
5.0	201504.0	cant	5
5.0	201504.0	promedioCompra	57.01949211043446
5.0	201504.0	promedioVenda	187.11
5.0	201504.0	promedioPosVenda	221.67629211043453
5.0	201504.0	totalCompra	1019.8388069648308
5.0	201504.0	totalVenda	1091.4750000000001
5.0	201504.0	totalPosVenda	1620.0487925467194
5.0	201505.0	cant	7
5.0	201505.0	promedioCompra	82.39100716758746
5.0	201505.0	promedioVenda	187.11
5.0	201505.0	promedioPosVenda	262.0166071675875
5.0	201505.0	totalCompra	1557.5719960917415
5.0	201505.0	totalVenda	1666.98
5.0	201505.0	totalPosVenda	2474.2563377077163
5.0	201506.0	cant	6
5.0	201506.0	promedioCompra	119.249707437279
5.0	201506.0	promedioVenda	272.15999999999997
5.0	201506.0	promedioPosVenda	380.5233074372789
5.0	201506.0	totalCompra	1335.0617109357784
5.0	201506.0	totalVenda	1428.84
5.0	201506.0	totalPosVenda	2120.7911466066143
5.0	201507.0	cant	5
5.0	201507.0	promedioCompra	106.33977184410874
5.0	201507.0	promedioVenda	317.5199999999999
5.0	201507.0	promedioPosVenda	411.15897184410863
5.0	201507.0	totalCompra	1112.5514257798154
5.0	201507.0	totalVenda	1190.7
5.0	201507.0	totalPosVenda	1767.3259555055117
5.0	201508.0	cant	7
5.0	201508.0	promedioCompra	161.31371181019182
5.0	201508.0	promedioVenda	362.88000000000005
5.0	201508.0	promedioPosVenda	509.67851181019194
5.0	201508.0	totalCompra	1557.5719960917415
5.0	201508.0	totalVenda	1666.98
5.0	201508.0	totalPosVenda	2474.2563377077163
5.0	201509.0	cant	9
5.0	201509.0	promedioCompra	120.08494006499402
5.0	201509.0	promedioVenda	204.11999999999998
5.0	201509.0	promedioPosVenda	316.040140064994
5.0	201509.0	totalCompra	2002.5925664036677
5.0	201509.0	totalVenda	2143.2599999999998
5.0	201509.0	totalPosVenda	3181.1867199099215
5.0	201510.0	cant	14
5.0	201510.0	promedioCompra	84.59800369328762
5.0	201510.0	promedioVenda	181.44000000000003
5.0	201510.0	promedioPosVenda	273.2956036932877
5.0	201510.0	totalCompra	3374.73932486544
5.0	201510.0	totalVenda	3611.7900000000004
5.0	201510.0	totalPosVenda	5360.888731700053
5.0	201511.0	cant	13
5.0	201511.0	promedioCompra	110.1917758878486
5.0	201511.0	promedioVenda	171.98999999999998
5.0	201511.0	promedioPosVenda	289.0613758878486
5.0	201511.0	totalCompra	3133.68651594648
5.0	201511.0	totalVenda	3353.805
5.0	201511.0	totalPosVenda	4977.968108007192
5.0	201512.0	cant	11
5.0	201512.0	promedioCompra	151.14895563673952
5.0	201512.0	promedioVenda	294.84
5.0	201512.0	promedioPosVenda	457.78255563673946
5.0	201512.0	totalCompra	2651.58089810856
5.0	201512.0	totalVenda	2837.835
5.0	201512.0	totalPosVenda	4212.12686062147
5.0	201601.0	cant	7
5.0	201601.0	promedioCompra	142.36147453951185
5.0	201601.0	promedioVenda	294.84
5.0	201601.0	promedioPosVenda	448.99507453951173
5.0	201601.0	totalCompra	1687.36966243272
5.0	201601.0	totalVenda	1805.8950000000002
5.0	201601.0	totalPosVenda	2680.4443658500263
5.0	201602.0	cant	9
5.0	201602.0	promedioCompra	140.65217315820024
5.0	201602.0	promedioVenda	221.13
5.0	201602.0	promedioPosVenda	388.3177731582003
5.0	201602.0	totalCompra	2336.3579941376124
5.0	201602.0	totalVenda	2500.47
5.0	201602.0	totalPosVenda	3711.3845065615747
5.0	201603.0	cant	11
5.0	201603.0	promedioCompra	103.38643746519932
5.0	201603.0	promedioVenda	211.68
5.0	201603.0	promedioPosVenda	340.4680374651993
5.0	201603.0	totalCompra	2855.5486595015263
5.0	201603.0	totalVenda	3056.1299999999997
5.0	201603.0	totalPosVenda	4536.136619130813
5.0	201604.0	cant	10
5.0	201604.0	promedioCompra	147.62557423637958
5.0	201604.0	promedioVenda	238.14
5.0	201604.0	promedioPosVenda	414.34237423637956
5.0	201604.0	totalCompra	2595.953326819569
5.0	201604.0	totalVenda	2778.2999999999997
5.0	201604.0	totalPosVenda	4123.760562846194
5.0	201605.0	cant	8
5.0	201605.0	promedioCompra	93.957249268197
5.0	201605.0	promedioVenda	317.52
5.0	201605.0	promedioPosVenda	424.178049268197
5.0	201605.0	totalCompra	1928.4224713516799
5.0	201605.0	totalVenda	2063.88
5.0	201605.0	totalPosVenda	3063.364989542887
5.0	201606.0	cant	7
5.0	201606.0	promedioCompra	117.522856289345
5.0	201606.0	promedioVenda	245.70000000000002
5.0	201606.0	promedioPosVenda	373.050856289345
5.0	201606.0	totalCompra	1687.36966243272
5.0	201606.0	totalVenda	1805.8950000000002
5.0	201606.0	totalPosVenda	2680.4443658500263
5.0	201607.0	cant	8
5.0	201607.0	promedioCompra	125.524553602868
5.0	201607.0	promedioVenda	294.84
5.0	201607.0	promedioPosVenda	432.158153602868
5.0	201607.0	totalCompra	1928.4224713516799
5.0	201607.0	totalVenda	2063.88
5.0	201607.0	totalPosVenda	3063.364989542887
5.0	201608.0	cant	8
5.0	201608.0	promedioCompra	112.72287570113826
5.0	201608.0	promedioVenda	270.27000000000004
5.0	201608.0	promedioPosVenda	393.8036757011383
5.0	201608.0	totalCompra	1928.4224713516799
5.0	201608.0	totalVenda	2063.88
5.0	201608.0	totalPosVenda	3063.364989542887
5.0	201609.0	cant	10
5.0	201609.0	promedioCompra	109.79104325799176
5.0	201609.0	promedioVenda	245.70000000000002
5.0	201609.0	promedioPosVenda	384.97504325799173
5.0	201609.0	totalCompra	2595.953326819569
5.0	201609.0	totalVenda	2778.2999999999997
5.0	201609.0	totalPosVenda	4123.760562846194
5.0	201610.0	cant	11
5.0	201610.0	promedioCompra	140.0467884525063
5.0	201610.0	promedioVenda	238.14
5.0	201610.0	promedioPosVenda	406.76358845250627
5.0	201610.0	totalCompra	2855.5486595015263
5.0	201610.0	totalVenda	3056.1299999999997
5.0	201610.0	totalPosVenda	4536.136619130813
5.0	201611.0	cant	11
5.0	201611.0	promedioCompra	92.68526943367972
5.0	201611.0	promedioVenda	317.52
5.0	201611.0	promedioPosVenda	448.3076694336797
5.0	201611.0	totalCompra	2855.5486595015263
5.0	201611.0	totalVenda	3056.1299999999997
5.0	201611.0	totalPosVenda	4536.136619130813
6.0	201501.0	cant	20
6.0	201501.0	promedioCompra	84.58288893590469
6.0	201501.0	promedioVenda	189.0
6.0	201501.0	promedioPosVenda	235.78288893590468
6.0	201501.0	totalCompra	3708.5047525993846
6.0	201501.0	totalVenda	3969.0
6.0	201501.0	totalPosVenda	5891.086518351706
6.0	201502.0	cant	18
6.0	201502.0	promedioCompra	80.43596786085293
6.0	201502.0	promedioVenda	226.79999999999998
6.0	201502.0	promedioPosVenda	261.87596786085294
6.0	201502.0	totalCompra	3337.6542773394463
6.0	201502.0	totalVenda	3572.1
6.0	201502.0	totalPosVenda	5301.977866516536
6.0	201503.0	cant	4
6.0	201503.0	promedioCompra	128.89380964576256
6.0	201503.0	promedioVenda	264.59999999999997
6.0	201503.0	promedioPosVenda	361.7418096457625
6.0	201503.0	totalCompra	815.8710455718647
6.0	201503.0	totalVenda	873.1800000000001
6.0	201503.0	totalPosVenda	1296.0390340373754
6.0	201504.0	cant	7
6.0	201504.0	promedioCompra	101.62126417162908
6.0	201504.0	promedioVenda	187.11
6.0	201504.0	promedioPosVenda	266.2780641716291
6.0	201504.0	totalCompra	1427.7743297507632
6.0	201504.0	totalVenda	1528.0650000000003
6.0	201504.0	totalPosVenda	2268.068309565407
6.0	201505.0	cant	9
6.0	201505.0	promedioCompra	80.35567934477825
6.0	201505.0	promedioVenda	187.11
6.0	201505.0	promedioPosVenda	259.9812793447782
6.0	201505.0	totalCompra	2002.5925664036677
6.0	201505.0	totalVenda	2143.2599999999998
6.0	201505.0	totalPosVenda	3181.1867199099215
6.0	201506.0	cant	13
6.0	201506.0	promedioCompra	84.04178330555787
6.0	201506.0	promedioVenda	272.15999999999997
6.0	201506.0	promedioPosVenda	345.3153833055579
6.0	201506.0	totalCompra	2892.63370702752
6.0	201506.0	totalVenda	3095.8199999999997
6.0	201506.0	totalPosVenda	4595.047484314331
6.0	201507.0	cant	11
6.0	201507.0	promedioCompra	166.92778140476074
6.0	201507.0	promedioVenda	317.5199999999999
6.0	201507.0	promedioPosVenda	471.7469814047607
6.0	201507.0	totalCompra	2447.613136715594
6.0	201507.0	totalVenda	2619.5399999999995
6.0	201507.0	totalPosVenda	3888.117102112126
6.0	201508.0	cant	9
6.0	201508.0	promedioCompra	209.6391501171784
6.0	201508.0	promedioVenda	362.88000000000005
6.0	201508.0	promedioPosVenda	558.0039501171784
6.0	201508.0	totalCompra	2002.5925664036677
6.0	201508.0	totalVenda	2143.2599999999998
6.0	201508.0	totalPosVenda	3181.1867199099215
6.0	201509.0	cant	13
6.0	201509.0	promedioCompra	79.93399881047434
6.0	201509.0	promedioVenda	204.11999999999998
6.0	201509.0	promedioPosVenda	275.8891988104743
6.0	201509.0	totalCompra	2892.63370702752
6.0	201509.0	totalVenda	3095.8199999999997
6.0	201509.0	totalPosVenda	4595.047484314331
6.0	201510.0	cant	16
6.0	201510.0	promedioCompra	59.997236093037365
6.0	201510.0	promedioVenda	181.44000000000003
6.0	201510.0	promedioPosVenda	248.6948360930374
6.0	201510.0	totalCompra	3856.8449427033597
6.0	201510.0	totalVenda	4127.76
6.0	201510.0	totalPosVenda	6126.729979085774
6.0	201511.0	cant	25
6.0	201511.0	promedioCompra	107.90565842081307
6.0	201511.0	promedioVenda	171.98999999999998
6.0	201511.0	promedioPosVenda	286.7752584208131
6.0	201511.0	totalCompra	6026.320222974
6.0	201511.0	totalVenda	6449.625
6.0	201511.0	totalPosVenda	9573.015592321522
6.0	201512.0	cant	23
6.0	201512.0	promedioCompra	153.16264687390805
6.0	201512.0	promedioVenda	294.84
6.0	201512.0	promedioPosVenda	459.796246873908
6.0	201512.0	totalCompra	5544.2146051360805
6.0	201512.0	totalVenda	5933.655000000001
6.0	201512.0	totalPosVenda	8807.174344935802
6.0	201601.0	cant	20
6.0	201601.0	promedioCompra	91.02334161168423
6.0	201601.0	promedioVenda	294.84
6.0	201601.0	promedioPosVenda	397.6569416116842
6.0	201601.0	totalCompra	4821.0561783792
6.0	201601.0	totalVenda	5159.7
6.0	201601.0	totalPosVenda	7658.412473857218
6.0	201602.0	cant	13
6.0	201602.0	promedioCompra	103.7107102171784
6.0	201602.0	promedioVenda	221.13
6.0	201602.0	promedioPosVenda	351.37631021717834
6.0	201602.0	totalCompra	3374.73932486544
6.0	201602.0	totalVenda	3611.7899999999995
6.0	201602.0	totalPosVenda	5360.888731700053
6.0	201603.0	cant	16
6.0	201603.0	promedioCompra	61.664041718620545
6.0	201603.0	promedioVenda	211.68
6.0	201603.0	promedioPosVenda	298.74564171862056
6.0	201603.0	totalCompra	4153.5253229113105
6.0	201603.0	totalVenda	4445.28
6.0	201603.0	totalPosVenda	6598.01690055391
6.0	201604.0	cant	20
6.0	201604.0	promedioCompra	73.64382011730365
6.0	201604.0	promedioVenda	238.14
6.0	201604.0	promedioPosVenda	340.3606201173036
6.0	201604.0	totalCompra	5191.906653639138
6.0	201604.0	totalVenda	5556.599999999999
6.0	201604.0	totalPosVenda	8247.521125692389
6.0	201605.0	cant	18
6.0	201605.0	promedioCompra	171.4480708321396
6.0	201605.0	promedioVenda	317.52
6.0	201605.0	promedioPosVenda	501.6688708321396
6.0	201605.0	totalCompra	4338.9505605412805
6.0	201605.0	totalVenda	4643.7300000000005
6.0	201605.0	totalPosVenda	6892.571226471497
6.0	201606.0	cant	14
6.0	201606.0	promedioCompra	142.9618006627831
6.0	201606.0	promedioVenda	245.70000000000002
6.0	201606.0	promedioPosVenda	398.48980066278307
6.0	201606.0	totalCompra	3374.73932486544
6.0	201606.0	totalVenda	3611.7900000000004
6.0	201606.0	totalPosVenda	5360.888731700053
6.0	201607.0	cant	13
6.0	201607.0	promedioCompra	188.7176436804093
6.0	201607.0	promedioVenda	294.84
6.0	201607.0	promedioPosVenda	495.35124368040925
6.0	201607.0	totalCompra	3133.68651594648
6.0	201607.0	totalVenda	3353.805
6.0	201607.0	totalPosVenda	4977.968108007192
6.0	201608.0	cant	14
6.0	201608.0	promedioCompra	98.82787387025931
6.0	201608.0	promedioVenda	270.27000000000004
6.0	201608.0	promedioPosVenda	379.9086738702593
6.0	201608.0	totalCompra	3374.73932486544
6.0	201608.0	totalVenda	3611.7900000000004
6.0	201608.0	totalPosVenda	5360.888731700053
6.0	201609.0	cant	14
6.0	201609.0	promedioCompra	97.9854629292219
6.0	201609.0	promedioVenda	245.70000000000002
6.0	201609.0	promedioPosVenda	373.1694629292219
6.0	201609.0	totalCompra	3634.3346575473965
6.0	201609.0	totalVenda	3889.62
6.0	201609.0	totalPosVenda	5773.264787984672
6.0	201610.0	cant	18
6.0	201610.0	promedioCompra	100.77583531859537
6.0	201610.0	promedioVenda	238.14
6.0	201610.0	promedioPosVenda	367.4926353185954
6.0	201610.0	totalCompra	4672.715988275225
6.0	201610.0	totalVenda	5000.94
6.0	201610.0	totalPosVenda	7422.769013123149
6.0	201611.0	cant	20
6.0	201611.0	promedioCompra	128.7970662849061
6.0	201611.0	promedioVenda	317.52
6.0	201611.0	promedioPosVenda	484.4194662849061
6.0	201611.0	totalCompra	5191.906653639138
6.0	201611.0	totalVenda	5556.599999999999
6.0	201611.0	totalPosVenda	8247.521125692389
7.0	201501.0	cant	0
7.0	201501.0	promedioCompra	0.0
7.0	201501.0	promedioVenda	0.0
7.0	201501.0	promedioPosVenda	0.0
7.0	201501.0	totalCompra	0.0
7.0	201501.0	totalVenda	0.0
7.0	201501.0	totalPosVenda	0.0
7.0	201502.0	cant	0
7.0	201502.0	promedioCompra	0.0
7.0	201502.0	promedioVenda	0.0
7.0	201502.0	promedioPosVenda	0.0
7.0	201502.0	totalCompra	0.0
7.0	201502.0	totalVenda	0.0
7.0	201502.0	totalPosVenda	0.0
7.0	201503.0	cant	0
7.0	201503.0	promedioCompra	0.0
7.0	201503.0	promedioVenda	0.0
7.0	201503.0	promedioPosVenda	0.0
7.0	201503.0	totalCompra	0.0
7.0	201503.0	totalVenda	0.0
7.0	201503.0	totalPosVenda	0.0
7.0	201504.0	cant	0
7.0	201504.0	promedioCompra	0.0
7.0	201504.0	promedioVenda	0.0
7.0	201504.0	promedioPosVenda	0.0
7.0	201504.0	totalCompra	0.0
7.0	201504.0	totalVenda	0.0
7.0	201504.0	totalPosVenda	0.0
7.0	201505.0	cant	0
7.0	201505.0	promedioCompra	0.0
7.0	201505.0	promedioVenda	0.0
7.0	201505.0	promedioPosVenda	0.0
7.0	201505.0	totalCompra	0.0
7.0	201505.0	totalVenda	0.0
7.0	201505.0	totalPosVenda	0.0
7.0	201506.0	cant	6
7.0	201506.0	promedioCompra	139.19747758721695
7.0	201506.0	promedioVenda	272.15999999999997
7.0	201506.0	promedioPosVenda	400.4710775872169
7.0	201506.0	totalCompra	1335.0617109357784
7.0	201506.0	totalVenda	1428.84
7.0	201506.0	totalPosVenda	2120.7911466066143
7.0	201507.0	cant	6
7.0	201507.0	promedioCompra	166.02694643328647
7.0	201507.0	promedioVenda	317.5199999999999
7.0	201507.0	promedioPosVenda	470.84614643328644
7.0	201507.0	totalCompra	1335.0617109357784
7.0	201507.0	totalVenda	1428.84
7.0	201507.0	totalPosVenda	2120.7911466066143
7.0	201508.0	cant	6
7.0	201508.0	promedioCompra	170.83917403425943
7.0	201508.0	promedioVenda	362.88000000000005
7.0	201508.0	promedioPosVenda	519.2039740342594
7.0	201508.0	totalCompra	1335.0617109357784
7.0	201508.0	totalVenda	1428.84
7.0	201508.0	totalPosVenda	2120.7911466066143
7.0	201509.0	cant	12
7.0	201509.0	promedioCompra	79.70982374973276
7.0	201509.0	promedioVenda	204.11999999999998
7.0	201509.0	promedioPosVenda	275.66502374973277
7.0	201509.0	totalCompra	2670.1234218715567
7.0	201509.0	totalVenda	2857.68
7.0	201509.0	totalPosVenda	4241.582293213229
7.0	201510.0	cant	12
7.0	201510.0	promedioCompra	81.47272214040832
7.0	201510.0	promedioVenda	181.44000000000003
7.0	201510.0	promedioPosVenda	270.1703221404083
7.0	201510.0	totalCompra	2892.6337070275204
7.0	201510.0	totalVenda	3095.82
7.0	201510.0	totalPosVenda	4595.047484314331
7.0	201511.0	cant	12
7.0	201511.0	promedioCompra	83.49814371283705
7.0	201511.0	promedioVenda	171.98999999999998
7.0	201511.0	promedioPosVenda	262.36774371283707
7.0	201511.0	totalCompra	2892.6337070275204
7.0	201511.0	totalVenda	3095.82
7.0	201511.0	totalPosVenda	4595.047484314331
7.0	201512.0	cant	24
7.0	201512.0	promedioCompra	172.2865840079958
7.0	201512.0	promedioVenda	294.84
7.0	201512.0	promedioPosVenda	478.9201840079957
7.0	201512.0	totalCompra	5785.267414055041
7.0	201512.0	totalVenda	6191.64
7.0	201512.0	totalPosVenda	9190.094968628662
7.0	201601.0	cant	24
7.0	201601.0	promedioCompra	150.76579670801456
7.0	201601.0	promedioVenda	294.84
7.0	201601.0	promedioPosVenda	457.39939670801454
7.0	201601.0	totalCompra	5785.267414055041
7.0	201601.0	totalVenda	6191.64
7.0	201601.0	totalPosVenda	9190.094968628662
7.0	201602.0	cant	24
7.0	201602.0	promedioCompra	129.19858892338542
7.0	201602.0	promedioVenda	221.13
7.0	201602.0	promedioPosVenda	376.8641889233854
7.0	201602.0	totalCompra	6230.287984366966
7.0	201602.0	totalVenda	6667.92
7.0	201602.0	totalPosVenda	9897.025350830867
7.0	201603.0	cant	24
7.0	201603.0	promedioCompra	86.13074900630154
7.0	201603.0	promedioVenda	211.68
7.0	201603.0	promedioPosVenda	323.21234900630157
7.0	201603.0	totalCompra	6230.287984366966
7.0	201603.0	totalVenda	6667.92
7.0	201603.0	totalPosVenda	9897.025350830867
7.0	201604.0	cant	0
7.0	201604.0	promedioCompra	0.0
7.0	201604.0	promedioVenda	0.0
7.0	201604.0	promedioPosVenda	0.0
7.0	201604.0	totalCompra	0.0
7.0	201604.0	totalVenda	0.0
7.0	201604.0	totalPosVenda	0.0
7.0	201605.0	cant	0
7.0	201605.0	promedioCompra	0.0
7.0	201605.0	promedioVenda	0.0
7.0	201605.0	promedioPosVenda	0.0
7.0	201605.0	totalCompra	0.0
7.0	201605.0	totalVenda	0.0
7.0	201605.0	totalPosVenda	0.0
7.0	201606.0	cant	0
7.0	201606.0	promedioCompra	0.0
7.0	201606.0	promedioVenda	0.0
7.0	201606.0	promedioPosVenda	0.0
7.0	201606.0	totalCompra	0.0
7.0	201606.0	totalVenda	0.0
7.0	201606.0	totalPosVenda	0.0
7.0	201607.0	cant	0
7.0	201607.0	promedioCompra	0.0
7.0	201607.0	promedioVenda	0.0
7.0	201607.0	promedioPosVenda	0.0
7.0	201607.0	totalCompra	0.0
7.0	201607.0	totalVenda	0.0
7.0	201607.0	totalPosVenda	0.0
7.0	201608.0	cant	12
7.0	201608.0	promedioCompra	142.66135139082058
7.0	201608.0	promedioVenda	270.27000000000004
7.0	201608.0	promedioPosVenda	423.74215139082065
7.0	201608.0	totalCompra	2892.6337070275204
7.0	201608.0	totalVenda	3095.82
7.0	201608.0	totalPosVenda	4595.047484314331
7.0	201609.0	cant	6
7.0	201609.0	promedioCompra	145.09276746770126
7.0	201609.0	promedioVenda	245.70000000000002
7.0	201609.0	promedioPosVenda	420.27676746770123
7.0	201609.0	totalCompra	1557.5719960917415
7.0	201609.0	totalVenda	1666.98
7.0	201609.0	totalPosVenda	2474.2563377077167
7.0	201610.0	cant	6
7.0	201610.0	promedioCompra	139.3159911965316
7.0	201610.0	promedioVenda	238.14
7.0	201610.0	promedioPosVenda	406.0327911965316
7.0	201610.0	totalCompra	1557.5719960917415
7.0	201610.0	totalVenda	1666.98
7.0	201610.0	totalPosVenda	2474.2563377077167
7.0	201611.0	cant	12
7.0	201611.0	promedioCompra	122.27556060598997
7.0	201611.0	promedioVenda	317.52
7.0	201611.0	promedioPosVenda	477.8979606059899
7.0	201611.0	totalCompra	3115.143992183483
7.0	201611.0	totalVenda	3333.96
7.0	201611.0	totalPosVenda	4948.5126754154335
8.0	201501.0	cant	6
8.0	201501.0	promedioCompra	89.09548699134137
8.0	201501.0	promedioVenda	189.0
8.0	201501.0	promedioPosVenda	240.29548699134136
8.0	201501.0	totalCompra	1112.5514257798154
8.0	201501.0	totalVenda	1190.7
8.0	201501.0	totalPosVenda	1767.325955505512
8.0	201502.0	cant	6
8.0	201502.0	promedioCompra	60.36087680380027
8.0	201502.0	promedioVenda	226.79999999999998
8.0	201502.0	promedioPosVenda	241.8008768038003
8.0	201502.0	totalCompra	1112.5514257798154
8.0	201502.0	totalVenda	1190.7
8.0	201502.0	totalPosVenda	1767.325955505512
8.0	201503.0	cant	6
8.0	201503.0	promedioCompra	136.77919332890573
8.0	201503.0	promedioVenda	264.59999999999997
8.0	201503.0	promedioPosVenda	369.6271933289057
8.0	201503.0	totalCompra	1223.806568357797
8.0	201503.0	totalVenda	1309.7700000000002
8.0	201503.0	totalPosVenda	1944.0585510560634
8.0	201504.0	cant	6
8.0	201504.0	promedioCompra	58.34812111998474
8.0	201504.0	promedioVenda	187.11
8.0	201504.0	promedioPosVenda	223.00492111998477
8.0	201504.0	totalCompra	1223.806568357797
8.0	201504.0	totalVenda	1309.7700000000002
8.0	201504.0	totalPosVenda	1944.0585510560634
8.0	201505.0	cant	6
8.0	201505.0	promedioCompra	105.29425777537519
8.0	201505.0	promedioVenda	187.11
8.0	201505.0	promedioPosVenda	284.9198577753752
8.0	201505.0	totalCompra	1335.0617109357784
8.0	201505.0	totalVenda	1428.84
8.0	201505.0	totalPosVenda	2120.7911466066143
8.0	201506.0	cant	6
8.0	201506.0	promedioCompra	102.1273385650991
8.0	201506.0	promedioVenda	272.15999999999997
8.0	201506.0	promedioPosVenda	363.40093856509907
8.0	201506.0	totalCompra	1335.0617109357784
8.0	201506.0	totalVenda	1428.84
8.0	201506.0	totalPosVenda	2120.7911466066143
8.0	201507.0	cant	6
8.0	201507.0	promedioCompra	114.75561323332326
8.0	201507.0	promedioVenda	317.5199999999999
8.0	201507.0	promedioPosVenda	419.57481323332314
8.0	201507.0	totalCompra	1335.0617109357784
8.0	201507.0	totalVenda	1428.84
8.0	201507.0	totalPosVenda	2120.7911466066143
8.0	201508.0	cant	6
8.0	201508.0	promedioCompra	180.16419251730238
8.0	201508.0	promedioVenda	362.88000000000005
8.0	201508.0	promedioPosVenda	528.5289925173024
8.0	201508.0	totalCompra	1335.0617109357784
8.0	201508.0	totalVenda	1428.84
8.0	201508.0	totalPosVenda	2120.7911466066143
8.0	201509.0	cant	6
8.0	201509.0	promedioCompra	68.34664566516139
8.0	201509.0	promedioVenda	204.11999999999998
8.0	201509.0	promedioPosVenda	264.30184566516135
8.0	201509.0	totalCompra	1335.0617109357784
8.0	201509.0	totalVenda	1428.84
8.0	201509.0	totalPosVenda	2120.7911466066143
8.0	201510.0	cant	12
8.0	201510.0	promedioCompra	107.3101295947421
8.0	201510.0	promedioVenda	181.44000000000003
8.0	201510.0	promedioPosVenda	296.0077295947421
8.0	201510.0	totalCompra	2892.6337070275204
8.0	201510.0	totalVenda	3095.82
8.0	201510.0	totalPosVenda	4595.047484314331
8.0	201511.0	cant	6
8.0	201511.0	promedioCompra	56.646694312091746
8.0	201511.0	promedioVenda	171.98999999999998
8.0	201511.0	promedioPosVenda	235.51629431209173
8.0	201511.0	totalCompra	1446.3168535137602
8.0	201511.0	totalVenda	1547.91
8.0	201511.0	totalPosVenda	2297.5237421571655
8.0	201512.0	cant	6
8.0	201512.0	promedioCompra	178.85999792928993
8.0	201512.0	promedioVenda	294.84
8.0	201512.0	promedioPosVenda	485.49359792928993
8.0	201512.0	totalCompra	1446.3168535137602
8.0	201512.0	totalVenda	1547.91
8.0	201512.0	totalPosVenda	2297.5237421571655
8.0	201601.0	cant	6
8.0	201601.0	promedioCompra	97.0626830785945
8.0	201601.0	promedioVenda	294.84
8.0	201601.0	promedioPosVenda	403.69628307859443
8.0	201601.0	totalCompra	1446.3168535137602
8.0	201601.0	totalVenda	1547.91
8.0	201601.0	totalPosVenda	2297.5237421571655
8.0	201602.0	cant	6
8.0	201602.0	promedioCompra	119.98407214624888
8.0	201602.0	promedioVenda	221.13
8.0	201602.0	promedioPosVenda	367.64967214624886
8.0	201602.0	totalCompra	1557.5719960917415
8.0	201602.0	totalVenda	1666.98
8.0	201602.0	totalPosVenda	2474.2563377077167
8.0	201603.0	cant	6
8.0	201603.0	promedioCompra	92.55268421305087
8.0	201603.0	promedioVenda	211.68
8.0	201603.0	promedioPosVenda	329.6342842130509
8.0	201603.0	totalCompra	1557.5719960917415
8.0	201603.0	totalVenda	1666.98
8.0	201603.0	totalPosVenda	2474.2563377077167
8.0	201604.0	cant	6
8.0	201604.0	promedioCompra	85.7620794917517
8.0	201604.0	promedioVenda	238.14
8.0	201604.0	promedioPosVenda	352.4788794917516
8.0	201604.0	totalCompra	1557.5719960917415
8.0	201604.0	totalVenda	1666.98
8.0	201604.0	totalPosVenda	2474.2563377077167
8.0	201605.0	cant	6
8.0	201605.0	promedioCompra	190.43992414851775
8.0	201605.0	promedioVenda	317.52
8.0	201605.0	promedioPosVenda	520.6607241485177
8.0	201605.0	totalCompra	1446.3168535137602
8.0	201605.0	totalVenda	1547.91
8.0	201605.0	totalPosVenda	2297.5237421571655
8.0	201606.0	cant	12
8.0	201606.0	promedioCompra	109.8906479991896
8.0	201606.0	promedioVenda	245.70000000000002
8.0	201606.0	promedioPosVenda	365.41864799918966
8.0	201606.0	totalCompra	2892.6337070275204
8.0	201606.0	totalVenda	3095.82
8.0	201606.0	totalPosVenda	4595.047484314331
8.0	201607.0	cant	6
8.0	201607.0	promedioCompra	160.0638091108475
8.0	201607.0	promedioVenda	294.84
8.0	201607.0	promedioPosVenda	466.69740911084756
8.0	201607.0	totalCompra	1446.3168535137602
8.0	201607.0	totalVenda	1547.91
8.0	201607.0	totalPosVenda	2297.5237421571655
8.0	201608.0	cant	6
8.0	201608.0	promedioCompra	85.08720004384216
8.0	201608.0	promedioVenda	270.27000000000004
8.0	201608.0	promedioPosVenda	366.16800004384214
8.0	201608.0	totalCompra	1446.3168535137602
8.0	201608.0	totalVenda	1547.91
8.0	201608.0	totalPosVenda	2297.5237421571655
8.0	201609.0	cant	6
8.0	201609.0	promedioCompra	126.46415060997168
8.0	201609.0	promedioVenda	245.70000000000002
8.0	201609.0	promedioPosVenda	401.6481506099717
8.0	201609.0	totalCompra	1557.5719960917415
8.0	201609.0	totalVenda	1666.98
8.0	201609.0	totalPosVenda	2474.2563377077167
8.0	201610.0	cant	6
8.0	201610.0	promedioCompra	99.46914979740058
8.0	201610.0	promedioVenda	238.14
8.0	201610.0	promedioPosVenda	366.18594979740055
8.0	201610.0	totalCompra	1557.5719960917415
8.0	201610.0	totalVenda	1666.98
8.0	201610.0	totalPosVenda	2474.2563377077167
8.0	201611.0	cant	6
8.0	201611.0	promedioCompra	175.5959641623125
8.0	201611.0	promedioVenda	317.52
8.0	201611.0	promedioPosVenda	531.2183641623124
8.0	201611.0	totalCompra	1557.5719960917415
8.0	201611.0	totalVenda	1666.98
8.0	201611.0	totalPosVenda	2474.2563377077167
9.0	201501.0	cant	6
9.0	201501.0	promedioCompra	68.08266660707285
9.0	201501.0	promedioVenda	189.0
9.0	201501.0	promedioPosVenda	219.28266660707285
9.0	201501.0	totalCompra	1112.5514257798154
9.0	201501.0	totalVenda	1190.7
9.0	201501.0	totalPosVenda	1767.325955505512
9.0	201502.0	cant	6
9.0	201502.0	promedioCompra	95.2152147860489
9.0	201502.0	promedioVenda	226.79999999999998
9.0	201502.0	promedioPosVenda	276.6552147860489
9.0	201502.0	totalCompra	1112.5514257798154
9.0	201502.0	totalVenda	1190.7
9.0	201502.0	totalPosVenda	1767.325955505512
9.0	201503.0	cant	6
9.0	201503.0	promedioCompra	107.32057432257483
9.0	201503.0	promedioVenda	264.59999999999997
9.0	201503.0	promedioPosVenda	340.16857432257484
9.0	201503.0	totalCompra	1223.806568357797
9.0	201503.0	totalVenda	1309.7700000000002
9.0	201503.0	totalPosVenda	1944.0585510560634
9.0	201504.0	cant	6
9.0	201504.0	promedioCompra	79.44385889949228
9.0	201504.0	promedioVenda	187.11
9.0	201504.0	promedioPosVenda	244.1006588994923
9.0	201504.0	totalCompra	1223.806568357797
9.0	201504.0	totalVenda	1309.7700000000002
9.0	201504.0	totalPosVenda	1944.0585510560634
9.0	201505.0	cant	6
9.0	201505.0	promedioCompra	73.00493356049094
9.0	201505.0	promedioVenda	187.11
9.0	201505.0	promedioPosVenda	252.63053356049096
9.0	201505.0	totalCompra	1335.0617109357784
9.0	201505.0	totalVenda	1428.84
9.0	201505.0	totalPosVenda	2120.7911466066143
9.0	201506.0	cant	6
9.0	201506.0	promedioCompra	91.25007400692515
9.0	201506.0	promedioVenda	272.15999999999997
9.0	201506.0	promedioPosVenda	352.52367400692515
9.0	201506.0	totalCompra	1335.0617109357784
9.0	201506.0	totalVenda	1428.84
9.0	201506.0	totalPosVenda	2120.7911466066143
9.0	201507.0	cant	6
9.0	201507.0	promedioCompra	160.12502440531668
9.0	201507.0	promedioVenda	317.5199999999999
9.0	201507.0	promedioPosVenda	464.9442244053166
9.0	201507.0	totalCompra	1335.0617109357784
9.0	201507.0	totalVenda	1428.84
9.0	201507.0	totalPosVenda	2120.7911466066143
9.0	201508.0	cant	6
9.0	201508.0	promedioCompra	211.02315364630854
9.0	201508.0	promedioVenda	362.88000000000005
9.0	201508.0	promedioPosVenda	559.3879536463087
9.0	201508.0	totalCompra	1335.0617109357784
9.0	201508.0	totalVenda	1428.84
9.0	201508.0	totalPosVenda	2120.7911466066143
9.0	201509.0	cant	6
9.0	201509.0	promedioCompra	77.41678165515
9.0	201509.0	promedioVenda	204.11999999999998
9.0	201509.0	promedioPosVenda	273.37198165514997
9.0	201509.0	totalCompra	1335.0617109357784
9.0	201509.0	totalVenda	1428.84
9.0	201509.0	totalPosVenda	2120.7911466066143
9.0	201510.0	cant	12
9.0	201510.0	promedioCompra	79.71520224734783
9.0	201510.0	promedioVenda	181.44000000000003
9.0	201510.0	promedioPosVenda	268.4128022473479
9.0	201510.0	totalCompra	2892.6337070275204
9.0	201510.0	totalVenda	3095.82
9.0	201510.0	totalPosVenda	4595.047484314331
9.0	201511.0	cant	6
9.0	201511.0	promedioCompra	76.28712830513166
9.0	201511.0	promedioVenda	171.98999999999998
9.0	201511.0	promedioPosVenda	255.15672830513165
9.0	201511.0	totalCompra	1446.3168535137602
9.0	201511.0	totalVenda	1547.91
9.0	201511.0	totalPosVenda	2297.5237421571655
9.0	201512.0	cant	6
9.0	201512.0	promedioCompra	191.52605152848713
9.0	201512.0	promedioVenda	294.84
9.0	201512.0	promedioPosVenda	498.1596515284871
9.0	201512.0	totalCompra	1446.3168535137602
9.0	201512.0	totalVenda	1547.91
9.0	201512.0	totalPosVenda	2297.5237421571655
9.0	201601.0	cant	6
9.0	201601.0	promedioCompra	80.50921317788752
9.0	201601.0	promedioVenda	294.84
9.0	201601.0	promedioPosVenda	387.14281317788755
9.0	201601.0	totalCompra	1446.3168535137602
9.0	201601.0	totalVenda	1547.91
9.0	201601.0	totalPosVenda	2297.5237421571655
9.0	201602.0	cant	6
9.0	201602.0	promedioCompra	88.33526651554182
9.0	201602.0	promedioVenda	221.13
9.0	201602.0	promedioPosVenda	336.00086651554176
9.0	201602.0	totalCompra	1557.5719960917415
9.0	201602.0	totalVenda	1666.98
9.0	201602.0	totalPosVenda	2474.2563377077167
9.0	201603.0	cant	6
9.0	201603.0	promedioCompra	63.90501981835952
9.0	201603.0	promedioVenda	211.68
9.0	201603.0	promedioPosVenda	300.9866198183595
9.0	201603.0	totalCompra	1557.5719960917415
9.0	201603.0	totalVenda	1666.98
9.0	201603.0	totalPosVenda	2474.2563377077167
9.0	201604.0	cant	6
9.0	201604.0	promedioCompra	120.4404591521172
9.0	201604.0	promedioVenda	238.14
9.0	201604.0	promedioPosVenda	387.1572591521172
9.0	201604.0	totalCompra	1557.5719960917415
9.0	201604.0	totalVenda	1666.98
9.0	201604.0	totalPosVenda	2474.2563377077167
9.0	201605.0	cant	6
9.0	201605.0	promedioCompra	106.55494790881845
9.0	201605.0	promedioVenda	317.52
9.0	201605.0	promedioPosVenda	436.77574790881846
9.0	201605.0	totalCompra	1446.3168535137602
9.0	201605.0	totalVenda	1547.91
9.0	201605.0	totalPosVenda	2297.5237421571655
9.0	201606.0	cant	12
9.0	201606.0	promedioCompra	90.268038019683
9.0	201606.0	promedioVenda	245.70000000000002
9.0	201606.0	promedioPosVenda	345.79603801968307
9.0	201606.0	totalCompra	2892.6337070275204
9.0	201606.0	totalVenda	3095.82
9.0	201606.0	totalPosVenda	4595.047484314331
9.0	201607.0	cant	6
9.0	201607.0	promedioCompra	78.17433105122512
9.0	201607.0	promedioVenda	294.84
9.0	201607.0	promedioPosVenda	384.8079310512251
9.0	201607.0	totalCompra	1446.3168535137602
9.0	201607.0	totalVenda	1547.91
9.0	201607.0	totalPosVenda	2297.5237421571655
9.0	201608.0	cant	6
9.0	201608.0	promedioCompra	146.00252764700875
9.0	201608.0	promedioVenda	270.27000000000004
9.0	201608.0	promedioPosVenda	427.0833276470088
9.0	201608.0	totalCompra	1446.3168535137602
9.0	201608.0	totalVenda	1547.91
9.0	201608.0	totalPosVenda	2297.5237421571655
9.0	201609.0	cant	6
9.0	201609.0	promedioCompra	159.5731263700525
9.0	201609.0	promedioVenda	245.70000000000002
9.0	201609.0	promedioPosVenda	434.7571263700525
9.0	201609.0	totalCompra	1557.5719960917415
9.0	201609.0	totalVenda	1666.98
9.0	201609.0	totalPosVenda	2474.2563377077167
9.0	201610.0	cant	6
9.0	201610.0	promedioCompra	108.29565416830283
9.0	201610.0	promedioVenda	238.14
9.0	201610.0	promedioPosVenda	375.0124541683028
9.0	201610.0	totalCompra	1557.5719960917415
9.0	201610.0	totalVenda	1666.98
9.0	201610.0	totalPosVenda	2474.2563377077167
9.0	201611.0	cant	6
9.0	201611.0	promedioCompra	133.21100676538236
9.0	201611.0	promedioVenda	317.52
9.0	201611.0	promedioPosVenda	488.8334067653824
9.0	201611.0	totalCompra	1557.5719960917415
9.0	201611.0	totalVenda	1666.98
9.0	201611.0	totalPosVenda	2474.2563377077167
10.0	201501.0	cant	12
10.0	201501.0	promedioCompra	73.69021871275228
10.0	201501.0	promedioVenda	189.0
10.0	201501.0	promedioPosVenda	224.89021871275227
10.0	201501.0	totalCompra	2225.102851559631
10.0	201501.0	totalVenda	2381.4
10.0	201501.0	totalPosVenda	3534.651911011024
10.0	201502.0	cant	12
10.0	201502.0	promedioCompra	63.08330407678138
10.0	201502.0	promedioVenda	226.79999999999998
10.0	201502.0	promedioPosVenda	244.52330407678136
10.0	201502.0	totalCompra	2225.102851559631
10.0	201502.0	totalVenda	2381.4
10.0	201502.0	totalPosVenda	3534.651911011024
10.0	201503.0	cant	6
10.0	201503.0	promedioCompra	128.6026710912011
10.0	201503.0	promedioVenda	264.59999999999997
10.0	201503.0	promedioPosVenda	361.4506710912011
10.0	201503.0	totalCompra	1223.806568357797
10.0	201503.0	totalVenda	1309.7700000000002
10.0	201503.0	totalPosVenda	1944.0585510560634
10.0	201504.0	cant	6
10.0	201504.0	promedioCompra	68.5402382311309
10.0	201504.0	promedioVenda	187.11
10.0	201504.0	promedioPosVenda	233.19703823113093
10.0	201504.0	totalCompra	1223.806568357797
10.0	201504.0	totalVenda	1309.7700000000002
10.0	201504.0	totalPosVenda	1944.0585510560634
10.0	201505.0	cant	12
10.0	201505.0	promedioCompra	70.57214079055805
10.0	201505.0	promedioVenda	187.11
10.0	201505.0	promedioPosVenda	250.19774079055804
10.0	201505.0	totalCompra	2670.1234218715567
10.0	201505.0	totalVenda	2857.68
10.0	201505.0	totalPosVenda	4241.582293213229
10.0	201506.0	cant	12
10.0	201506.0	promedioCompra	105.24696295273439
10.0	201506.0	promedioVenda	272.15999999999997
10.0	201506.0	promedioPosVenda	366.52056295273434
10.0	201506.0	totalCompra	2670.1234218715567
10.0	201506.0	totalVenda	2857.68
10.0	201506.0	totalPosVenda	4241.582293213229
10.0	201507.0	cant	12
10.0	201507.0	promedioCompra	104.46031851008591
10.0	201507.0	promedioVenda	317.5199999999999
10.0	201507.0	promedioPosVenda	409.27951851008584
10.0	201507.0	totalCompra	2670.1234218715567
10.0	201507.0	totalVenda	2857.68
10.0	201507.0	totalPosVenda	4241.582293213229
10.0	201508.0	cant	6
10.0	201508.0	promedioCompra	201.05748122961387
10.0	201508.0	promedioVenda	362.88000000000005
10.0	201508.0	promedioPosVenda	549.4222812296139
10.0	201508.0	totalCompra	1335.0617109357784
10.0	201508.0	totalVenda	1428.84
10.0	201508.0	totalPosVenda	2120.7911466066143
10.0	201509.0	cant	6
10.0	201509.0	promedioCompra	82.30443851085694
10.0	201509.0	promedioVenda	204.11999999999998
10.0	201509.0	promedioPosVenda	278.259638510857
10.0	201509.0	totalCompra	1335.0617109357784
10.0	201509.0	totalVenda	1428.84
10.0	201509.0	totalPosVenda	2120.7911466066143
10.0	201510.0	cant	12
10.0	201510.0	promedioCompra	81.86530967391194
10.0	201510.0	promedioVenda	181.44000000000003
10.0	201510.0	promedioPosVenda	270.5629096739119
10.0	201510.0	totalCompra	2892.6337070275204
10.0	201510.0	totalVenda	3095.82
10.0	201510.0	totalPosVenda	4595.047484314331
10.0	201511.0	cant	12
10.0	201511.0	promedioCompra	83.88080642346907
10.0	201511.0	promedioVenda	171.98999999999998
10.0	201511.0	promedioPosVenda	262.7504064234691
10.0	201511.0	totalCompra	2892.6337070275204
10.0	201511.0	totalVenda	3095.82
10.0	201511.0	totalPosVenda	4595.047484314331
10.0	201512.0	cant	6
10.0	201512.0	promedioCompra	132.73640545541775
10.0	201512.0	promedioVenda	294.84
10.0	201512.0	promedioPosVenda	439.37000545541764
10.0	201512.0	totalCompra	1446.3168535137602
10.0	201512.0	totalVenda	1547.91
10.0	201512.0	totalPosVenda	2297.5237421571655
10.0	201601.0	cant	6
10.0	201601.0	promedioCompra	181.0634160812639
10.0	201601.0	promedioVenda	294.84
10.0	201601.0	promedioPosVenda	487.69701608126394
10.0	201601.0	totalCompra	1446.3168535137602
10.0	201601.0	totalVenda	1547.91
10.0	201601.0	totalPosVenda	2297.5237421571655
10.0	201602.0	cant	6
10.0	201602.0	promedioCompra	102.32384448986987
10.0	201602.0	promedioVenda	221.13
10.0	201602.0	promedioPosVenda	349.98944448986987
10.0	201602.0	totalCompra	1557.5719960917415
10.0	201602.0	totalVenda	1666.98
10.0	201602.0	totalPosVenda	2474.2563377077167
10.0	201603.0	cant	6
10.0	201603.0	promedioCompra	117.13629392494946
10.0	201603.0	promedioVenda	211.68
10.0	201603.0	promedioPosVenda	354.21789392494946
10.0	201603.0	totalCompra	1557.5719960917415
10.0	201603.0	totalVenda	1666.98
10.0	201603.0	totalPosVenda	2474.2563377077167
10.0	201604.0	cant	6
10.0	201604.0	promedioCompra	165.60743022030175
10.0	201604.0	promedioVenda	238.14
10.0	201604.0	promedioPosVenda	432.3242302203018
10.0	201604.0	totalCompra	1557.5719960917415
10.0	201604.0	totalVenda	1666.98
10.0	201604.0	totalPosVenda	2474.2563377077167
10.0	201605.0	cant	12
10.0	201605.0	promedioCompra	150.6462613288156
10.0	201605.0	promedioVenda	317.52
10.0	201605.0	promedioPosVenda	480.8670613288155
10.0	201605.0	totalCompra	2892.6337070275204
10.0	201605.0	totalVenda	3095.82
10.0	201605.0	totalPosVenda	4595.047484314331
10.0	201606.0	cant	12
10.0	201606.0	promedioCompra	109.77755797215983
10.0	201606.0	promedioVenda	245.70000000000002
10.0	201606.0	promedioPosVenda	365.3055579721598
10.0	201606.0	totalCompra	2892.6337070275204
10.0	201606.0	totalVenda	3095.82
10.0	201606.0	totalPosVenda	4595.047484314331
10.0	201607.0	cant	12
10.0	201607.0	promedioCompra	89.97501600498335
10.0	201607.0	promedioVenda	294.84
10.0	201607.0	promedioPosVenda	396.60861600498333
10.0	201607.0	totalCompra	2892.6337070275204
10.0	201607.0	totalVenda	3095.82
10.0	201607.0	totalPosVenda	4595.047484314331
10.0	201608.0	cant	12
10.0	201608.0	promedioCompra	122.6576135435837
10.0	201608.0	promedioVenda	270.27000000000004
10.0	201608.0	promedioPosVenda	403.73841354358376
10.0	201608.0	totalCompra	2892.6337070275204
10.0	201608.0	totalVenda	3095.82
10.0	201608.0	totalPosVenda	4595.047484314331
10.0	201609.0	cant	12
10.0	201609.0	promedioCompra	164.17236174892992
10.0	201609.0	promedioVenda	245.70000000000002
10.0	201609.0	promedioPosVenda	439.3563617489298
10.0	201609.0	totalCompra	3115.143992183483
10.0	201609.0	totalVenda	3333.96
10.0	201609.0	totalPosVenda	4948.5126754154335
10.0	201610.0	cant	6
10.0	201610.0	promedioCompra	128.28850510809986
10.0	201610.0	promedioVenda	238.14
10.0	201610.0	promedioPosVenda	395.00530510809983
10.0	201610.0	totalCompra	1557.5719960917415
10.0	201610.0	totalVenda	1666.98
10.0	201610.0	totalPosVenda	2474.2563377077167
10.0	201611.0	cant	24
10.0	201611.0	promedioCompra	174.2890269132622
10.0	201611.0	promedioVenda	317.52
10.0	201611.0	promedioPosVenda	529.9114269132622
10.0	201611.0	totalCompra	6230.287984366966
10.0	201611.0	totalVenda	6667.92
10.0	201611.0	totalPosVenda	9897.025350830867
11.0	201501.0	cant	6
11.0	201501.0	promedioCompra	80.34096323258183
11.0	201501.0	promedioVenda	189.0
11.0	201501.0	promedioPosVenda	231.54096323258184
11.0	201501.0	totalCompra	1112.5514257798154
11.0	201501.0	totalVenda	1190.7
11.0	201501.0	totalPosVenda	1767.325955505512
11.0	201502.0	cant	6
11.0	201502.0	promedioCompra	87.5819185331227
11.0	201502.0	promedioVenda	226.79999999999998
11.0	201502.0	promedioPosVenda	269.0219185331227
11.0	201502.0	totalCompra	1112.5514257798154
11.0	201502.0	totalVenda	1190.7
11.0	201502.0	totalPosVenda	1767.325955505512
11.0	201503.0	cant	6
11.0	201503.0	promedioCompra	62.68812047923915
11.0	201503.0	promedioVenda	264.59999999999997
11.0	201503.0	promedioPosVenda	295.5361204792391
11.0	201503.0	totalCompra	1223.806568357797
11.0	201503.0	totalVenda	1309.7700000000002
11.0	201503.0	totalPosVenda	1944.0585510560634
11.0	201504.0	cant	6
11.0	201504.0	promedioCompra	57.43312394808905
11.0	201504.0	promedioVenda	187.11
11.0	201504.0	promedioPosVenda	222.08992394808908
11.0	201504.0	totalCompra	1223.806568357797
11.0	201504.0	totalVenda	1309.7700000000002
11.0	201504.0	totalPosVenda	1944.0585510560634
11.0	201505.0	cant	6
11.0	201505.0	promedioCompra	86.88047083329847
11.0	201505.0	promedioVenda	187.11
11.0	201505.0	promedioPosVenda	266.50607083329845
11.0	201505.0	totalCompra	1335.0617109357784
11.0	201505.0	totalVenda	1428.84
11.0	201505.0	totalPosVenda	2120.7911466066143
11.0	201506.0	cant	6
11.0	201506.0	promedioCompra	80.78229539724522
11.0	201506.0	promedioVenda	272.15999999999997
11.0	201506.0	promedioPosVenda	342.0558953972452
11.0	201506.0	totalCompra	1335.0617109357784
11.0	201506.0	totalVenda	1428.84
11.0	201506.0	totalPosVenda	2120.7911466066143
11.0	201507.0	cant	6
11.0	201507.0	promedioCompra	122.95650380510013
11.0	201507.0	promedioVenda	317.5199999999999
11.0	201507.0	promedioPosVenda	427.7757038051
11.0	201507.0	totalCompra	1335.0617109357784
11.0	201507.0	totalVenda	1428.84
11.0	201507.0	totalPosVenda	2120.7911466066143
11.0	201508.0	cant	6
11.0	201508.0	promedioCompra	186.33384434561117
11.0	201508.0	promedioVenda	362.88000000000005
11.0	201508.0	promedioPosVenda	534.6986443456112
11.0	201508.0	totalCompra	1335.0617109357784
11.0	201508.0	totalVenda	1428.84
11.0	201508.0	totalPosVenda	2120.7911466066143
11.0	201509.0	cant	6
11.0	201509.0	promedioCompra	78.73047012743183
11.0	201509.0	promedioVenda	204.11999999999998
11.0	201509.0	promedioPosVenda	274.68567012743176
11.0	201509.0	totalCompra	1335.0617109357784
11.0	201509.0	totalVenda	1428.84
11.0	201509.0	totalPosVenda	2120.7911466066143
11.0	201510.0	cant	6
11.0	201510.0	promedioCompra	95.84458213616811
11.0	201510.0	promedioVenda	181.44000000000003
11.0	201510.0	promedioPosVenda	284.54218213616815
11.0	201510.0	totalCompra	1446.3168535137602
11.0	201510.0	totalVenda	1547.91
11.0	201510.0	totalPosVenda	2297.5237421571655
11.0	201511.0	cant	6
11.0	201511.0	promedioCompra	86.57081029953547
11.0	201511.0	promedioVenda	171.98999999999998
11.0	201511.0	promedioPosVenda	265.4404102995354
11.0	201511.0	totalCompra	1446.3168535137602
11.0	201511.0	totalVenda	1547.91
11.0	201511.0	totalPosVenda	2297.5237421571655
11.0	201512.0	cant	6
11.0	201512.0	promedioCompra	84.66089883276088
11.0	201512.0	promedioVenda	294.84
11.0	201512.0	promedioPosVenda	391.2944988327609
11.0	201512.0	totalCompra	1446.3168535137602
11.0	201512.0	totalVenda	1547.91
11.0	201512.0	totalPosVenda	2297.5237421571655
11.0	201601.0	cant	6
11.0	201601.0	promedioCompra	138.5776586951386
11.0	201601.0	promedioVenda	294.84
11.0	201601.0	promedioPosVenda	445.21125869513855
11.0	201601.0	totalCompra	1446.3168535137602
11.0	201601.0	totalVenda	1547.91
11.0	201601.0	totalPosVenda	2297.5237421571655
11.0	201602.0	cant	6
11.0	201602.0	promedioCompra	122.94102836474747
11.0	201602.0	promedioVenda	221.13
11.0	201602.0	promedioPosVenda	370.60662836474745
11.0	201602.0	totalCompra	1557.5719960917415
11.0	201602.0	totalVenda	1666.98
11.0	201602.0	totalPosVenda	2474.2563377077167
11.0	201603.0	cant	6
11.0	201603.0	promedioCompra	82.6462910821474
11.0	201603.0	promedioVenda	211.68
11.0	201603.0	promedioPosVenda	319.7278910821474
11.0	201603.0	totalCompra	1557.5719960917415
11.0	201603.0	totalVenda	1666.98
11.0	201603.0	totalPosVenda	2474.2563377077167
11.0	201604.0	cant	6
11.0	201604.0	promedioCompra	115.26234631214538
11.0	201604.0	promedioVenda	238.14
11.0	201604.0	promedioPosVenda	381.97914631214536
11.0	201604.0	totalCompra	1557.5719960917415
11.0	201604.0	totalVenda	1666.98
11.0	201604.0	totalPosVenda	2474.2563377077167
11.0	201605.0	cant	6
11.0	201605.0	promedioCompra	170.6029230546379
11.0	201605.0	promedioVenda	317.52
11.0	201605.0	promedioPosVenda	500.82372305463787
11.0	201605.0	totalCompra	1446.3168535137602
11.0	201605.0	totalVenda	1547.91
11.0	201605.0	totalPosVenda	2297.5237421571655
11.0	201606.0	cant	6
11.0	201606.0	promedioCompra	132.1298897186207
11.0	201606.0	promedioVenda	245.70000000000002
11.0	201606.0	promedioPosVenda	387.65788971862065
11.0	201606.0	totalCompra	1446.3168535137602
11.0	201606.0	totalVenda	1547.91
11.0	201606.0	totalPosVenda	2297.5237421571655
11.0	201607.0	cant	6
11.0	201607.0	promedioCompra	100.42547960227266
11.0	201607.0	promedioVenda	294.84
11.0	201607.0	promedioPosVenda	407.0590796022726
11.0	201607.0	totalCompra	1446.3168535137602
11.0	201607.0	totalVenda	1547.91
11.0	201607.0	totalPosVenda	2297.5237421571655
11.0	201608.0	cant	6
11.0	201608.0	promedioCompra	98.48931700000401
11.0	201608.0	promedioVenda	270.27000000000004
11.0	201608.0	promedioPosVenda	379.5701170000041
11.0	201608.0	totalCompra	1446.3168535137602
11.0	201608.0	totalVenda	1547.91
11.0	201608.0	totalPosVenda	2297.5237421571655
11.0	201609.0	cant	6
11.0	201609.0	promedioCompra	84.20005679371735
11.0	201609.0	promedioVenda	245.70000000000002
11.0	201609.0	promedioPosVenda	359.3840567937174
11.0	201609.0	totalCompra	1557.5719960917415
11.0	201609.0	totalVenda	1666.98
11.0	201609.0	totalPosVenda	2474.2563377077167
11.0	201610.0	cant	6
11.0	201610.0	promedioCompra	150.09806274175736
11.0	201610.0	promedioVenda	238.14
11.0	201610.0	promedioPosVenda	416.81486274175734
11.0	201610.0	totalCompra	1557.5719960917415
11.0	201610.0	totalVenda	1666.98
11.0	201610.0	totalPosVenda	2474.2563377077167
11.0	201611.0	cant	6
11.0	201611.0	promedioCompra	142.85428517367077
11.0	201611.0	promedioVenda	317.52
11.0	201611.0	promedioPosVenda	498.4766851736708
11.0	201611.0	totalCompra	1557.5719960917415
11.0	201611.0	totalVenda	1666.98
11.0	201611.0	totalPosVenda	2474.2563377077167
12.0	201501.0	cant	6
12.0	201501.0	promedioCompra	58.785547904489874
12.0	201501.0	promedioVenda	189.0
12.0	201501.0	promedioPosVenda	209.9855479044899
12.0	201501.0	totalCompra	1112.5514257798154
12.0	201501.0	totalVenda	1190.7
12.0	201501.0	totalPosVenda	1767.325955505512
12.0	201502.0	cant	6
12.0	201502.0	promedioCompra	91.33789635056706
12.0	201502.0	promedioVenda	226.79999999999998
12.0	201502.0	promedioPosVenda	272.77789635056706
12.0	201502.0	totalCompra	1112.5514257798154
12.0	201502.0	totalVenda	1190.7
12.0	201502.0	totalPosVenda	1767.325955505512
12.0	201503.0	cant	6
12.0	201503.0	promedioCompra	119.07737887438293
12.0	201503.0	promedioVenda	264.59999999999997
12.0	201503.0	promedioPosVenda	351.9253788743829
12.0	201503.0	totalCompra	1223.806568357797
12.0	201503.0	totalVenda	1309.7700000000002
12.0	201503.0	totalPosVenda	1944.0585510560634
12.0	201504.0	cant	6
12.0	201504.0	promedioCompra	45.60158166874431
12.0	201504.0	promedioVenda	187.11
12.0	201504.0	promedioPosVenda	210.25838166874433
12.0	201504.0	totalCompra	1223.806568357797
12.0	201504.0	totalVenda	1309.7700000000002
12.0	201504.0	totalPosVenda	1944.0585510560634
12.0	201505.0	cant	6
12.0	201505.0	promedioCompra	108.24247861469149
12.0	201505.0	promedioVenda	187.11
12.0	201505.0	promedioPosVenda	287.86807861469146
12.0	201505.0	totalCompra	1335.0617109357784
12.0	201505.0	totalVenda	1428.84
12.0	201505.0	totalPosVenda	2120.7911466066143
12.0	201506.0	cant	6
12.0	201506.0	promedioCompra	158.10890820594219
12.0	201506.0	promedioVenda	272.15999999999997
12.0	201506.0	promedioPosVenda	419.3825082059421
12.0	201506.0	totalCompra	1335.0617109357784
12.0	201506.0	totalVenda	1428.84
12.0	201506.0	totalPosVenda	2120.7911466066143
12.0	201507.0	cant	6
12.0	201507.0	promedioCompra	84.83793373303162
12.0	201507.0	promedioVenda	317.5199999999999
12.0	201507.0	promedioPosVenda	389.6571337330315
12.0	201507.0	totalCompra	1335.0617109357784
12.0	201507.0	totalVenda	1428.84
12.0	201507.0	totalPosVenda	2120.7911466066143
12.0	201508.0	cant	6
12.0	201508.0	promedioCompra	128.44089269964954
12.0	201508.0	promedioVenda	362.88000000000005
12.0	201508.0	promedioPosVenda	476.8056926996496
12.0	201508.0	totalCompra	1335.0617109357784
12.0	201508.0	totalVenda	1428.84
12.0	201508.0	totalPosVenda	2120.7911466066143
12.0	201509.0	cant	6
12.0	201509.0	promedioCompra	121.82842262290262
12.0	201509.0	promedioVenda	204.11999999999998
12.0	201509.0	promedioPosVenda	317.7836226229026
12.0	201509.0	totalCompra	1335.0617109357784
12.0	201509.0	totalVenda	1428.84
12.0	201509.0	totalPosVenda	2120.7911466066143
12.0	201510.0	cant	6
12.0	201510.0	promedioCompra	78.18917470216815
12.0	201510.0	promedioVenda	181.44000000000003
12.0	201510.0	promedioPosVenda	266.88677470216817
12.0	201510.0	totalCompra	1446.3168535137602
12.0	201510.0	totalVenda	1547.91
12.0	201510.0	totalPosVenda	2297.5237421571655
12.0	201511.0	cant	6
12.0	201511.0	promedioCompra	74.57806003624266
12.0	201511.0	promedioVenda	171.98999999999998
12.0	201511.0	promedioPosVenda	253.4476600362426
12.0	201511.0	totalCompra	1446.3168535137602
12.0	201511.0	totalVenda	1547.91
12.0	201511.0	totalPosVenda	2297.5237421571655
12.0	201512.0	cant	6
12.0	201512.0	promedioCompra	92.26486283903566
12.0	201512.0	promedioVenda	294.84
12.0	201512.0	promedioPosVenda	398.89846283903563
12.0	201512.0	totalCompra	1446.3168535137602
12.0	201512.0	totalVenda	1547.91
12.0	201512.0	totalPosVenda	2297.5237421571655
12.0	201601.0	cant	6
12.0	201601.0	promedioCompra	89.58968158243313
12.0	201601.0	promedioVenda	294.84
12.0	201601.0	promedioPosVenda	396.2232815824331
12.0	201601.0	totalCompra	1446.3168535137602
12.0	201601.0	totalVenda	1547.91
12.0	201601.0	totalPosVenda	2297.5237421571655
12.0	201602.0	cant	6
12.0	201602.0	promedioCompra	68.13800150155497
12.0	201602.0	promedioVenda	221.13
12.0	201602.0	promedioPosVenda	315.8036015015549
12.0	201602.0	totalCompra	1557.5719960917415
12.0	201602.0	totalVenda	1666.98
12.0	201602.0	totalPosVenda	2474.2563377077167
12.0	201603.0	cant	6
12.0	201603.0	promedioCompra	113.552477743032
12.0	201603.0	promedioVenda	211.68
12.0	201603.0	promedioPosVenda	350.634077743032
12.0	201603.0	totalCompra	1557.5719960917415
12.0	201603.0	totalVenda	1666.98
12.0	201603.0	totalPosVenda	2474.2563377077167
12.0	201604.0	cant	6
12.0	201604.0	promedioCompra	153.85881669807654
12.0	201604.0	promedioVenda	238.14
12.0	201604.0	promedioPosVenda	420.57561669807654
12.0	201604.0	totalCompra	1557.5719960917415
12.0	201604.0	totalVenda	1666.98
12.0	201604.0	totalPosVenda	2474.2563377077167
12.0	201605.0	cant	6
12.0	201605.0	promedioCompra	127.26296751654905
12.0	201605.0	promedioVenda	317.52
12.0	201605.0	promedioPosVenda	457.48376751654905
12.0	201605.0	totalCompra	1446.3168535137602
12.0	201605.0	totalVenda	1547.91
12.0	201605.0	totalPosVenda	2297.5237421571655
12.0	201606.0	cant	6
12.0	201606.0	promedioCompra	81.8108160172882
12.0	201606.0	promedioVenda	245.70000000000002
12.0	201606.0	promedioPosVenda	337.33881601728825
12.0	201606.0	totalCompra	1446.3168535137602
12.0	201606.0	totalVenda	1547.91
12.0	201606.0	totalPosVenda	2297.5237421571655
12.0	201607.0	cant	6
12.0	201607.0	promedioCompra	174.84673609455888
12.0	201607.0	promedioVenda	294.84
12.0	201607.0	promedioPosVenda	481.4803360945588
12.0	201607.0	totalCompra	1446.3168535137602
12.0	201607.0	totalVenda	1547.91
12.0	201607.0	totalPosVenda	2297.5237421571655
12.0	201608.0	cant	6
12.0	201608.0	promedioCompra	80.43578257979965
12.0	201608.0	promedioVenda	270.27000000000004
12.0	201608.0	promedioPosVenda	361.51658257979966
12.0	201608.0	totalCompra	1446.3168535137602
12.0	201608.0	totalVenda	1547.91
12.0	201608.0	totalPosVenda	2297.5237421571655
12.0	201609.0	cant	6
12.0	201609.0	promedioCompra	140.6222562076618
12.0	201609.0	promedioVenda	245.70000000000002
12.0	201609.0	promedioPosVenda	415.8062562076618
12.0	201609.0	totalCompra	1557.5719960917415
12.0	201609.0	totalVenda	1666.98
12.0	201609.0	totalPosVenda	2474.2563377077167
12.0	201610.0	cant	6
12.0	201610.0	promedioCompra	99.01402755081529
12.0	201610.0	promedioVenda	238.14
12.0	201610.0	promedioPosVenda	365.7308275508152
12.0	201610.0	totalCompra	1557.5719960917415
12.0	201610.0	totalVenda	1666.98
12.0	201610.0	totalPosVenda	2474.2563377077167
12.0	201611.0	cant	6
12.0	201611.0	promedioCompra	118.97162870733507
12.0	201611.0	promedioVenda	317.52
12.0	201611.0	promedioPosVenda	474.59402870733504
12.0	201611.0	totalCompra	1557.5719960917415
12.0	201611.0	totalVenda	1666.98
12.0	201611.0	totalPosVenda	2474.2563377077167
13.0	201501.0	cant	6
13.0	201501.0	promedioCompra	79.91298686527388
13.0	201501.0	promedioVenda	189.0
13.0	201501.0	promedioPosVenda	231.11298686527385
13.0	201501.0	totalCompra	1112.5514257798154
13.0	201501.0	totalVenda	1190.7
13.0	201501.0	totalPosVenda	1767.325955505512
13.0	201502.0	cant	12
13.0	201502.0	promedioCompra	63.560779564164086
13.0	201502.0	promedioVenda	226.79999999999998
13.0	201502.0	promedioPosVenda	245.00077956416405
13.0	201502.0	totalCompra	2225.102851559631
13.0	201502.0	totalVenda	2381.4
13.0	201502.0	totalPosVenda	3534.651911011024
13.0	201503.0	cant	6
13.0	201503.0	promedioCompra	61.96772988280759
13.0	201503.0	promedioVenda	264.59999999999997
13.0	201503.0	promedioPosVenda	294.8157298828076
13.0	201503.0	totalCompra	1223.806568357797
13.0	201503.0	totalVenda	1309.7700000000002
13.0	201503.0	totalPosVenda	1944.0585510560634
13.0	201504.0	cant	6
13.0	201504.0	promedioCompra	67.33925461085165
13.0	201504.0	promedioVenda	187.11
13.0	201504.0	promedioPosVenda	231.99605461085167
13.0	201504.0	totalCompra	1223.806568357797
13.0	201504.0	totalVenda	1309.7700000000002
13.0	201504.0	totalPosVenda	1944.0585510560634
13.0	201505.0	cant	6
13.0	201505.0	promedioCompra	79.26467569565422
13.0	201505.0	promedioVenda	187.11
13.0	201505.0	promedioPosVenda	258.8902756956542
13.0	201505.0	totalCompra	1335.0617109357784
13.0	201505.0	totalVenda	1428.84
13.0	201505.0	totalPosVenda	2120.7911466066143
13.0	201506.0	cant	12
13.0	201506.0	promedioCompra	145.09705706985298
13.0	201506.0	promedioVenda	272.15999999999997
13.0	201506.0	promedioPosVenda	406.37065706985294
13.0	201506.0	totalCompra	2670.1234218715567
13.0	201506.0	totalVenda	2857.68
13.0	201506.0	totalPosVenda	4241.582293213229
13.0	201507.0	cant	6
13.0	201507.0	promedioCompra	145.1598047985688
13.0	201507.0	promedioVenda	317.5199999999999
13.0	201507.0	promedioPosVenda	449.9790047985687
13.0	201507.0	totalCompra	1335.0617109357784
13.0	201507.0	totalVenda	1428.84
13.0	201507.0	totalPosVenda	2120.7911466066143
13.0	201508.0	cant	6
13.0	201508.0	promedioCompra	123.16930677922106
13.0	201508.0	promedioVenda	362.88000000000005
13.0	201508.0	promedioPosVenda	471.53410677922113
13.0	201508.0	totalCompra	1335.0617109357784
13.0	201508.0	totalVenda	1428.84
13.0	201508.0	totalPosVenda	2120.7911466066143
13.0	201509.0	cant	0
13.0	201509.0	promedioCompra	113.76418352038318
13.0	201509.0	promedioVenda	204.11999999999998
13.0	201509.0	promedioPosVenda	309.71938352038313
13.0	201509.0	totalCompra	0.0
13.0	201509.0	totalVenda	0.0
13.0	201509.0	totalPosVenda	0.0
13.0	201510.0	cant	6
13.0	201510.0	promedioCompra	67.8459958127299
13.0	201510.0	promedioVenda	181.44000000000003
13.0	201510.0	promedioPosVenda	256.54359581272996
13.0	201510.0	totalCompra	1446.3168535137602
13.0	201510.0	totalVenda	1547.91
13.0	201510.0	totalPosVenda	2297.5237421571655
13.0	201511.0	cant	6
13.0	201511.0	promedioCompra	102.68996511874538
13.0	201511.0	promedioVenda	171.98999999999998
13.0	201511.0	promedioPosVenda	281.55956511874535
13.0	201511.0	totalCompra	1446.3168535137602
13.0	201511.0	totalVenda	1547.91
13.0	201511.0	totalPosVenda	2297.5237421571655
13.0	201512.0	cant	24
13.0	201512.0	promedioCompra	128.52252634688801
13.0	201512.0	promedioVenda	294.84
13.0	201512.0	promedioPosVenda	435.1561263468881
13.0	201512.0	totalCompra	5785.267414055041
13.0	201512.0	totalVenda	6191.64
13.0	201512.0	totalPosVenda	9190.094968628662
13.0	201601.0	cant	24
13.0	201601.0	promedioCompra	83.76542051953506
13.0	201601.0	promedioVenda	294.84
13.0	201601.0	promedioPosVenda	390.39902051953504
13.0	201601.0	totalCompra	5785.267414055041
13.0	201601.0	totalVenda	6191.64
13.0	201601.0	totalPosVenda	9190.094968628662
13.0	201602.0	cant	6
13.0	201602.0	promedioCompra	134.69977803648098
13.0	201602.0	promedioVenda	221.13
13.0	201602.0	promedioPosVenda	382.365378036481
13.0	201602.0	totalCompra	1557.5719960917415
13.0	201602.0	totalVenda	1666.98
13.0	201602.0	totalPosVenda	2474.2563377077167
13.0	201603.0	cant	6
13.0	201603.0	promedioCompra	117.82896141642102
13.0	201603.0	promedioVenda	211.68
13.0	201603.0	promedioPosVenda	354.910561416421
13.0	201603.0	totalCompra	1557.5719960917415
13.0	201603.0	totalVenda	1666.98
13.0	201603.0	totalPosVenda	2474.2563377077167
13.0	201604.0	cant	6
13.0	201604.0	promedioCompra	128.15036635482977
13.0	201604.0	promedioVenda	238.14
13.0	201604.0	promedioPosVenda	394.8671663548297
13.0	201604.0	totalCompra	1557.5719960917415
13.0	201604.0	totalVenda	1666.98
13.0	201604.0	totalPosVenda	2474.2563377077167
13.0	201605.0	cant	6
13.0	201605.0	promedioCompra	174.6705077241123
13.0	201605.0	promedioVenda	317.52
13.0	201605.0	promedioPosVenda	504.89130772411227
13.0	201605.0	totalCompra	1446.3168535137602
13.0	201605.0	totalVenda	1547.91
13.0	201605.0	totalPosVenda	2297.5237421571655
13.0	201606.0	cant	0
13.0	201606.0	promedioCompra	150.73444693604827
13.0	201606.0	promedioVenda	245.70000000000002
13.0	201606.0	promedioPosVenda	406.2624469360483
13.0	201606.0	totalCompra	0.0
13.0	201606.0	totalVenda	0.0
13.0	201606.0	totalPosVenda	0.0
13.0	201607.0	cant	0
13.0	201607.0	promedioCompra	105.96918809092693
13.0	201607.0	promedioVenda	294.84
13.0	201607.0	promedioPosVenda	412.602788090927
13.0	201607.0	totalCompra	0.0
13.0	201607.0	totalVenda	0.0
13.0	201607.0	totalPosVenda	0.0
13.0	201608.0	cant	0
13.0	201608.0	promedioCompra	167.9310286132516
13.0	201608.0	promedioVenda	270.27000000000004
13.0	201608.0	promedioPosVenda	449.0118286132517
13.0	201608.0	totalCompra	0.0
13.0	201608.0	totalVenda	0.0
13.0	201608.0	totalPosVenda	0.0
13.0	201609.0	cant	12
13.0	201609.0	promedioCompra	131.5892710177538
13.0	201609.0	promedioVenda	245.70000000000002
13.0	201609.0	promedioPosVenda	406.77327101775376
13.0	201609.0	totalCompra	3115.143992183483
13.0	201609.0	totalVenda	3333.96
13.0	201609.0	totalPosVenda	4948.5126754154335
13.0	201610.0	cant	6
13.0	201610.0	promedioCompra	75.10115694165253
13.0	201610.0	promedioVenda	238.14
13.0	201610.0	promedioPosVenda	341.81795694165254
13.0	201610.0	totalCompra	1557.5719960917415
13.0	201610.0	totalVenda	1666.98
13.0	201610.0	totalPosVenda	2474.2563377077167
13.0	201611.0	cant	6
13.0	201611.0	promedioCompra	188.28806588960504
13.0	201611.0	promedioVenda	317.52
13.0	201611.0	promedioPosVenda	543.9104658896051
13.0	201611.0	totalCompra	1557.5719960917415
13.0	201611.0	totalVenda	1666.98
13.0	201611.0	totalPosVenda	2474.2563377077167
